,TOTAL_RECORDS,TOTAL_SUM,MEAN,STD_DEV,MEDIAN,MAX,MIN,ZERO_RECORDS,NON_ZERO_RECORDS,NA_RECORDS,NULL_RECORDS,Segment 1,Segment 2,Segment 3,Segment 4,Segment 5,Segment 6,Segment 7,Segment 8,Segment 9,Segment 10,COLUMN_NAME
Population,2007992.0,93383775.0,46.50604932688975,18.33790447557062,41.0,100.0,24.0,0.0,2007992.0,0.0,0.0,24.0,28.0,32.0,36.0,38.0,41.0,44.0,51.0,56.0,76.0,bitcoin_trend
Arbitrage Present,37938.0,2160404.0,56.945648162791926,14.823908557677619,56.0,100.0,24.0,0.0,37938.0,0.0,0.0,24.0,40.0,48.0,56.0,56.0,56.0,56.0,56.0,56.0,83.0,bitcoin_trend
Arbitrage Not Present,1970054.0,91223371.0,46.30501042103415,18.340767077354133,41.0,100.0,24.0,0.0,1970054.0,0.0,0.0,24.0,28.0,32.0,36.0,38.0,41.0,44.0,48.0,56.0,76.0,bitcoin_trend
Population,2007992.0,117574348.0,58.553195431057496,11.928544068297471,55.0,100.0,44.0,0.0,2007992.0,0.0,0.0,44.0,47.0,50.0,51.0,54.0,55.0,58.0,61.0,64.0,74.0,crypto_currency_trend
Arbitrage Present,37938.0,2405761.0,63.41296325583847,10.383206578461895,62.0,100.0,44.0,0.0,37938.0,0.0,0.0,44.0,55.0,60.0,62.0,62.0,62.0,62.0,62.0,62.0,68.0,crypto_currency_trend
Arbitrage Not Present,1970054.0,115168587.0,58.4596092289856,11.936943922685648,55.0,100.0,44.0,0.0,1970054.0,0.0,0.0,44.0,47.0,50.0,51.0,54.0,55.0,58.0,61.0,64.0,74.0,crypto_currency_trend
Population,2007992.0,80473959.0,40.076832477420226,20.528912905542175,33.0,100.0,19.0,0.0,2007992.0,0.0,0.0,19.0,21.0,26.0,29.0,31.0,33.0,38.0,40.0,49.0,69.0,ethereum_trend
Arbitrage Present,37938.0,1679158.0,44.26058305656598,18.841694716399672,39.0,100.0,19.0,0.0,37938.0,0.0,0.0,19.0,29.0,38.0,39.0,39.0,39.0,39.0,39.0,40.0,69.0,ethereum_trend
Arbitrage Not Present,1970054.0,78794801.0,39.99626456939759,20.551692926132713,33.0,100.0,19.0,0.0,1970054.0,0.0,0.0,19.0,21.0,26.0,28.0,31.0,33.0,38.0,40.0,49.0,69.0,ethereum_trend
Population,2007992.0,108467661.0,54.01797467320587,13.93185444527719,52.0,100.0,33.0,0.0,2007992.0,0.0,0.0,33.0,40.0,43.0,46.0,49.0,52.0,54.0,56.0,58.0,76.0,USDC_trend
Arbitrage Present,37938.0,2560705.0,67.49710053244767,12.636411415293571,71.0,100.0,33.0,0.0,37938.0,0.0,0.0,33.0,47.0,55.0,71.0,71.0,71.0,71.0,71.0,71.0,76.0,USDC_trend
Arbitrage Not Present,1970054.0,105906956.0,53.75840256155415,13.827265018362338,52.0,100.0,33.0,0.0,1970054.0,0.0,0.0,33.0,39.0,43.0,46.0,48.0,52.0,54.0,56.0,58.0,76.0,USDC_trend
Population,2007992.0,114890490.0,57.21660743668301,14.777938375229557,55.0,100.0,28.0,0.0,2007992.0,0.0,0.0,28.0,43.0,46.0,48.0,52.0,55.0,58.0,61.0,65.0,76.0,WETH_trend
Arbitrage Present,37938.0,2598778.0,68.50065896989825,11.635544221502323,70.0,100.0,28.0,0.0,37938.0,0.0,0.0,28.0,53.0,60.0,70.0,70.0,70.0,70.0,70.0,70.0,87.0,WETH_trend
Arbitrage Not Present,1970054.0,112291712.0,56.99930661799118,14.747429170420835,54.0,100.0,28.0,0.0,1970054.0,0.0,0.0,28.0,43.0,46.0,48.0,52.0,54.0,58.0,61.0,65.0,76.0,WETH_trend
Population,2007992.0,-627393670.0768956,-312.44829166495464,175724.79627346763,-103.7049075,19999999.981373,-19549576.158741,0.0,2007992.0,0.0,0.0,-19549576.158741,-54181.475134,-7098.70188,-2445.705189,-739.445935,-103.698468,321.603799,1547.253211,5826.309528,59266.675147,p1.t0_amount
Arbitrage Present,37938.0,-1459012978.9477768,-38457.82537160042,660371.3538910112,-4861.459202,10000000.0,-13365161.517147,0.0,37938.0,0.0,0.0,-13365161.517147,-159817.844844,-4874.231836,-4869.981367,-4865.718442,-4861.459202,-4857.02668,-4852.748374,14839.579132,97665.135268,p1.t0_amount
Arbitrage Not Present,1970054.0,831619308.8708814,422.13021007083125,151814.27020692307,-94.098555,19999999.981373,-19549576.158741,0.0,1970054.0,0.0,0.0,-19549576.158741,-53665.430131,-7214.461775,-2210.60967,-665.412039,-94.094824,350.000003,1586.0,5773.006737,58955.470794,p1.t0_amount
Population,2007992.0,261516.59423742606,0.13023786660376438,73.52284179426812,0.0431026818502013,5240.399995119506,-5330.532423678818,0.0,2007992.0,0.0,0.0,-5330.532423678818,-24.4127059210054,-2.4980927412787035,-0.6355776366672448,-0.1350053661214599,0.0431130186226683,0.293,1.0,2.8826717780868187,21.948806418465026,p1.t1_amount
Arbitrage Present,37938.0,596698.7912163837,15.728261669470813,273.65129284190346,1.47,4764.268344651634,-3868.9132161094176,0.0,37938.0,0.0,0.0,-3868.9132161094176,-33.42330785646517,-6.781309997519584,1.47,1.47,1.47,1.47,1.47,1.47,52.45070852367676,p1.t1_amount
Arbitrage Not Present,1970054.0,-335182.1969789576,-0.17013858350022773,63.74073447251516,0.03501480280107665,5240.399995119506,-5330.532423678818,0.0,1970054.0,0.0,0.0,-5330.532423678818,-24.344807425307767,-2.4817920696857394,-0.6461946118939538,-0.1444170288025086,0.0350175192017624,0.2658296342587244,0.9181900235771236,2.931112931678866,21.7245,p1.t1_amount
Population,2007992.0,981790023495.0,488941.2027015048,741045.5376651142,327262.0,30000000.0,106538.0,0.0,2007992.0,0.0,0.0,106538.0,204462.0,244902.0,267690.0,300534.0,327262.0,366338.0,426371.0,518450.0,753850.0,p1.gasUsed
Arbitrage Present,37938.0,20046345338.0,528397.5259106964,743195.6033478895,302979.0,24000000.0,114464.0,0.0,37938.0,0.0,0.0,114464.0,298224.0,299226.0,299274.0,300705.0,302979.0,303123.0,345065.0,533793.0,972397.0,p1.gasUsed
Arbitrage Not Present,1970054.0,961743678157.0,488181.3788642342,740983.641989318,328466.5,30000000.0,106538.0,0.0,1970054.0,0.0,0.0,106538.0,204417.0,244086.0,266441.0,300530.0,328467.0,367771.0,426576.0,518346.0,750465.0,p1.gasUsed
Population,2007992.0,7.670111380767544e+16,38197918023.416145,176189533055.4719,22259415459.5,56657201823439.0,1938712491.0,0.0,2007992.0,0.0,0.0,1938712491.0,7391121219.0,11288157487.0,14624871949.0,18000000000.0,22259495695.0,26994386584.0,33691372464.0,43790094975.0,62207801488.0,p1.gasPrice
Arbitrage Present,37938.0,3809512993211261.0,100414175581.50827,710788014414.4767,24582129783.0,29654910268679.0,2806329340.0,0.0,37938.0,0.0,0.0,2806329340.0,24582129783.0,24582129783.0,24582129783.0,24582129783.0,24582129783.0,24582129783.0,31498103183.0,41561037783.0,88805594565.0,p1.gasPrice
Arbitrage Not Present,1970054.0,7.289160081446414e+16,36999798388.50313,147768875046.849,21889477866.0,56657201823439.0,1938712491.0,0.0,1970054.0,0.0,0.0,1938712491.0,7325802196.0,11155599322.0,14477233148.0,17754095340.0,21889502616.0,27059174996.0,33795356869.0,43811694970.0,62000000000.0,p1.gasPrice
Population,2007992.0,5159673473.785198,2569.568740206733,746.6145746458387,2342.634818855907,4110.782853948807,1522.7139922264505,0.0,2007992.0,0.0,0.0,1522.7139922264505,1648.9433803002528,1835.484620674784,1930.472549094373,2223.5000408326746,2342.644853629915,2895.704609261205,3105.239583871735,3369.115506665495,3674.69556126906,p1.eth_price_usd
Arbitrage Present,37938.0,117170113.44136521,3088.4631093195535,518.2922157941998,3307.900566811975,4110.782853948807,1523.771922614937,0.0,37938.0,0.0,0.0,1523.771922614937,2184.0039611636757,2849.9323608439045,3301.964759539191,3304.882177722752,3307.900566811975,3310.798304450307,3313.699895990525,3316.594427399769,3412.1044423016706,p1.eth_price_usd
Arbitrage Not Present,1970054.0,5042503360.343834,2559.576214836666,746.7999657928943,2326.510430728954,4092.7160412785624,1522.7139922264505,0.0,1970054.0,0.0,0.0,1522.7139922264505,1648.4866733366166,1832.9924675447728,1920.561283777275,2218.481398696653,2326.5133828579487,2846.7180327042643,3089.7420971182855,3376.456371579543,3677.3935021307175,p1.eth_price_usd
Population,2007992.0,48262573.687563635,24.035242016683153,84.46592314020178,1.8609421382498743,9996.87066253071,5.276913835017783e-13,0.0,2007992.0,0.0,0.0,5.276913835017783e-13,0.0980489962510646,0.2503394542968328,0.5060657642695657,0.9995017525734592,1.8609921213312728,3.2630063305192083,7.703723884850868,28.29217919222216,70.59703262427108,p1.transaction_fees_usd
Arbitrage Present,37938.0,3794127.9408185463,100.00864412511325,314.70166757551004,2.4366763346821414,6581.594469250567,0.0001064801636,0.0,37938.0,0.0,0.0,0.0001064801636,2.4280603242280923,2.4301975541243657,2.4324140828129477,2.4345453913075237,2.4366763346821414,2.4388032447700927,7.462827998580196,60.15168991226656,276.9028181336254,p1.transaction_fees_usd
Arbitrage Not Present,1970054.0,44468445.746745124,22.572196369614804,72.46687441485673,1.7491336555925137,9996.87066253071,5.276913835017783e-13,0.0,1970054.0,0.0,0.0,5.276913835017783e-13,0.0950267259681983,0.2498751934441576,0.4997522613401963,0.9767091059954351,1.7491337214816978,3.283112506858309,7.729656462893779,28.084255932955266,69.58610441781595,p1.transaction_fees_usd
Population,2007992.0,92242627.38023704,45.93774645528321,253.5936085843688,19.510501324189185,91620.20739823383,0.952490429548716,0.0,2007992.0,0.0,0.0,0.952490429548716,5.688200981135864,8.427537233409714,11.47560695365266,15.075868251518113,19.510602472697677,24.676617272606588,32.637297318582625,46.61650455722102,79.7114898184429,p1.gas_fees_usd
Arbitrage Present,37938.0,6624022.8847807795,174.60126745692392,1171.9359585018562,24.60470863239164,48199.244268558505,1.563419886815714,0.0,37938.0,0.0,0.0,1.563419886815714,22.476036960799465,24.30374473891321,24.34469976845823,24.402141624263685,24.60470863239164,24.707998651943655,28.218423986126364,72.39386020355504,228.83291185857652,p1.gas_fees_usd
Arbitrage Not Present,1970054.0,85618604.4954562,43.46002926592683,196.91425066451637,19.069088897425154,91620.20739823383,0.952490429548716,0.0,1970054.0,0.0,0.0,0.952490429548716,5.638578451796911,8.323036124783169,11.29710338803045,14.791665589944683,19.069233960450788,24.64670737025514,32.680905729505355,46.4519435287013,78.6888271697062,p1.gas_fees_usd
Population,2007992.0,140505201.0678006,69.97298847196633,278.8463695987451,27.993604371658975,91632.81935227642,1.2487820859789882,0.0,2007992.0,0.0,0.0,1.2487820859789882,7.47464082739654,11.401207975188663,15.915346299028268,21.522452146560333,27.99375744643316,38.122730191038045,54.3988144514768,82.30809450206482,141.04762357356137,p1.total_fees_usd
Arbitrage Present,37938.0,10418150.825599328,274.6099115820372,1250.380088518019,27.14335751067615,48714.1191103388,1.9288894030454875,0.0,37938.0,0.0,0.0,1.9288894030454875,26.733614065705854,26.774497636152716,26.833484813385557,27.031910252931738,27.14335751067615,27.953663488075293,51.92822293691932,236.975403167584,620.7074884239869,p1.total_fees_usd
Arbitrage Not Present,1970054.0,130087050.24220133,66.03222563554164,219.8262632742565,28.18162423345975,91632.81935227642,1.2487820859789882,0.0,1970054.0,0.0,0.0,1.2487820859789882,7.400420491303086,11.24765234762762,15.644355943049348,21.06276629338352,28.181689845843323,38.29987062981193,54.41251576598617,81.7570080980241,138.45269186748698,p1.total_fees_usd
Population,2007992.0,5168727451.214706,2574.077711073902,134575.01343909116,60.38189,9999999.990686,-8562524.041058,0.0,2007992.0,0.0,0.0,-8562524.041058,-63094.977493,-8755.457041,-1856.815046,-300.0,60.38189,925.359899,3300.0,20000.0,76072.133624,p0.t0_amount
Arbitrage Present,37938.0,-1121590377.9530573,-29563.771889742668,492865.59181602724,4860.778246,9999999.990686,-6362244.234206,0.0,37938.0,0.0,0.0,-6362244.234206,-65865.076552,-14821.869325,4852.061845,4856.344501,4860.778246,4865.207031,4869.471251,4873.891594,43632.8125,p0.t0_amount
Arbitrage Not Present,1970054.0,6290317829.167761,3192.967212659024,117307.78244341332,45.256451,8222253.521076,-8562524.041058,0.0,1970054.0,0.0,0.0,-8562524.041058,-63060.686368,-8737.302028,-1888.808959,-322.443884,45.256451,810.0,3000.0,20637.9,76562.5,p0.t0_amount
Population,2007992.0,-1517483.7614656196,-0.7557220155586375,47.482736889494795,-0.0269144806232995,2303.7817762196214,-4370.829156178865,0.0,2007992.0,0.0,0.0,-4370.829156178865,-29.910565760949623,-7.738252195899176,-1.3591152926306307,-0.3793685797242338,-0.0269144806232995,0.1217147067961467,0.7834091266298714,3.4371130037388076,25.967563236466408,p0.t1_amount
Arbitrage Present,37938.0,393802.0993433485,10.380149173476422,168.17023682134376,-1.490749468434185,2295.502972835488,-4370.829156178865,0.0,37938.0,0.0,0.0,-4370.829156178865,-14.003961679129892,-1.497386498287986,-1.4951446108790472,-1.4929876941621985,-1.490749468434185,-1.4885988633996872,-1.4863593910279596,6.0,24.187994174398295,p0.t1_amount
Arbitrage Not Present,1970054.0,-1911285.8608089674,-0.9701692749584364,41.844795579037225,-0.0195912982144707,2303.7817762196214,-2174.8998898155446,0.0,1970054.0,0.0,0.0,-2174.8998898155446,-30.045,-8.056342479238833,-1.2257947538242877,-0.3351597743117376,-0.0195912982144707,0.132123191390149,0.7998047410200382,3.4231990698158,25.967563236466408,p0.t1_amount
Population,2007992.0,398051333718.0,198233.5256903414,2923.2745174821184,198732.0,203018.0,193179.0,0.0,2007992.0,0.0,0.0,193179.0,194226.0,195097.0,195911.0,196610.0,198732.0,199251.0,200660.0,201171.0,202241.0,p0.tick
Arbitrage Present,37938.0,7445140953.0,196244.95105171597,1926.4070446688463,195462.0,203018.0,193179.0,0.0,37938.0,0.0,0.0,193179.0,194975.0,195444.0,195450.0,195456.0,195462.0,195467.0,195473.0,197151.0,199317.0,p0.tick
Arbitrage Not Present,1970054.0,390606192765.0,198271.8203485793,2925.921554610597,198806.0,203014.0,193179.0,0.0,1970054.0,0.0,0.0,193179.0,194219.0,195074.0,195968.0,196773.0,198806.0,199277.0,200712.0,201187.0,202242.0,p0.tick
Population,2007992.0,3.2407111860028944e+39,1.6139064229353974e+33,2.3431718385635396e+32,1.6371300373221783e+33,2.0283841560238023e+33,1.240264306098857e+33,0.0,2007992.0,0.0,0.0,1.240264306098857e+33,1.306897212466467e+33,1.3650668523510135e+33,1.42177285061947e+33,1.472349496726053e+33,1.6371300373221783e+33,1.6802133898126934e+33,1.8028206616379417e+33,1.8494304607069384e+33,1.9510639680222805e+33,p0.sqrtPriceX96
Arbitrage Present,37938.0,5.511729696346071e+37,1.452825582884198e+33,1.5247151650879084e+32,1.3901800785709764e+33,2.0283841560238023e+33,1.240264306098857e+33,0.0,37938.0,0.0,0.0,1.240264306098857e+33,1.356755025302523e+33,1.3889676838501477e+33,1.3893764613407516e+33,1.3897700958346705e+33,1.3901800785709764e+33,1.390574873465299e+33,1.3909860641533075e+33,1.5126861278779772e+33,1.6857641509541964e+33,p0.sqrtPriceX96
Arbitrage Not Present,1970054.0,3.185593889039434e+39,1.617008411464576e+33,2.345312142753902e+32,1.6431728458241473e+33,2.027935685840169e+33,1.240264306098857e+33,0.0,1970054.0,0.0,0.0,1.240264306098857e+33,1.3064211313938904e+33,1.3635288215301406e+33,1.4258157522406818e+33,1.484411903437023e+33,1.6431728458241473e+33,1.682385542492758e+33,1.8075248045156897e+33,1.8509549343703823e+33,1.9512250777896405e+33,p0.sqrtPriceX96
Population,2007992.0,1111382454166.0,553479.5229094538,697333.0047465862,369534.0,24000000.0,109067.0,0.0,2007992.0,0.0,0.0,109067.0,188066.0,245356.0,267928.0,314277.0,369534.0,456979.0,529092.0,630070.0,894651.0,p0.gasUsed
Arbitrage Present,37938.0,18242156672.0,480841.28504401917,718510.7682543817,301515.0,24000000.0,109100.0,0.0,37938.0,0.0,0.0,109100.0,297065.0,298273.0,299256.0,299290.0,301515.0,303054.0,307272.0,380078.0,793174.0,p0.gasUsed
Arbitrage Not Present,1970054.0,1093140297494.0,554878.342164225,696844.7437394336,375907.0,24000000.0,109067.0,0.0,1970054.0,0.0,0.0,109067.0,187622.0,245232.0,265714.0,318240.0,375907.0,460282.0,531415.0,632510.0,895431.0,p0.gasUsed
Population,2007992.0,7.435118945815509e+16,37027632310.365326,137751538850.19028,22621766464.0,33052778512549.0,2298178614.0,0.0,2007992.0,0.0,0.0,2298178614.0,7506216080.0,11548375943.0,14821769346.0,18247752860.0,22621766464.0,27695399439.0,34602402430.0,45000000000.0,64230077831.0,p0.gasPrice
Arbitrage Present,37938.0,3099460211508388.0,81698039208.93004,614877787537.5283,24582129783.0,33052778512549.0,3199827872.0,0.0,37938.0,0.0,0.0,3199827872.0,24582129783.0,24582129783.0,24582129783.0,24582129783.0,24582129783.0,24582129783.0,31498103183.0,41925208964.0,90021825374.0,p0.gasPrice
Arbitrage Not Present,1970054.0,7.125172924664666e+16,36167399089.89635,109641289148.05011,22274665141.5,33052778512549.0,2298178614.0,0.0,1970054.0,0.0,0.0,2298178614.0,7429288732.0,11438011445.0,14665560590.0,17997274121.0,22275219637.0,27780926044.0,34701288449.0,45032537064.0,63975623925.0,p0.gasPrice
Population,2007992.0,6023.976000000004,0.0030000000000000022,5.1614107794647206e-14,0.003,0.003,0.003,0.0,2007992.0,0.0,0.0,0.003,0.003,0.003,0.003,0.003,0.003,0.003,0.003,0.003,0.003,p0.transaction_rate
Arbitrage Present,37938.0,113.81400000000001,0.003,1.1059007911378976e-16,0.003,0.003,0.003,0.0,37938.0,0.0,0.0,0.003,0.003,0.003,0.003,0.003,0.003,0.003,0.003,0.003,0.003,p0.transaction_rate
Arbitrage Not Present,1970054.0,5910.162000000004,0.003000000000000002,4.686356659749517e-14,0.003,0.003,0.003,0.0,1970054.0,0.0,0.0,0.003,0.003,0.003,0.003,0.003,0.003,0.003,0.003,0.003,0.003,p0.transaction_rate
Population,2007992.0,5157658570.455214,2568.5652982956176,745.8176826993257,2342.0319415476406,4080.6625008030737,1525.6634721846613,0.0,2007992.0,0.0,0.0,1525.6634721846613,1648.9828941286662,1835.198961693296,1931.332594767419,2223.464934993957,2342.0319415476406,2895.5918329153924,3105.265466974944,3368.6761304096317,3675.160449659139,p0.eth_price_usd
Arbitrage Present,37938.0,115847011.50613168,3053.5877354138775,501.5308518418105,3248.0076691517543,4080.6625008030737,1525.6634721846613,0.0,37938.0,0.0,0.0,1525.6634721846613,2208.846515848539,2743.2255625487346,3244.2447430027532,3246.1636622708565,3248.0076691517543,3249.924278943537,3251.766059851549,3253.680351143491,3410.015003320571,p0.eth_price_usd
Arbitrage Not Present,1970054.0,5041811558.9490795,2559.225056241646,746.6556080099092,2324.8378556400703,4080.6625008030737,1526.3383360257824,0.0,1970054.0,0.0,0.0,1526.3383360257824,1648.7105972157149,1832.177212958294,1921.279884990333,2217.727145,2324.8378556400703,2848.7235833270092,3087.680468447679,3376.2464774372447,3677.9157020919615,p0.eth_price_usd
Population,2007992.0,274443641.2908906,136.67566468934666,379.0920897450718,14.838474137934298,31051.45687106022,2.9999995550587486e-09,0.0,2007992.0,0.0,0.0,2.9999995550587486e-09,0.4216276897903764,1.657165948746824,3.738759870520733,7.477575807206832,14.838474137934298,37.60988712100067,122.39658079520976,212.10808254895207,365.8293813028368,p0.transaction_fees_usd
Arbitrage Present,37938.0,11591862.560876869,305.5475396931011,1437.6366153020554,14.566787953156796,31051.45687106022,0.0008973000016399,0.0,37938.0,0.0,0.0,0.0008973000016399,14.514734491816409,14.528041422221923,14.540789264613077,14.554038930750144,14.566787953156796,14.58001101871801,44.74952599350448,167.70059917693516,523.2832165464902,p0.transaction_fees_usd
Arbitrage Not Present,1970054.0,262851778.73001367,133.423641549934,325.7583882812255,14.955182636358796,25332.790207292284,2.9999995550587486e-09,0.0,1970054.0,0.0,0.0,2.9999995550587486e-09,0.3958212958469038,1.5968982758419896,3.5892334148953573,7.2675747351746445,14.955182636358796,38.44008611328775,123.20425145059517,212.23193384112636,363.667599236006,p0.transaction_fees_usd
Population,2007992.0,97665412.23172376,48.638347280130475,250.74799367796,21.965205370152255,48477.11714408,1.0436518766340928,0.0,2007992.0,0.0,0.0,1.0436518766340928,6.6126646816083,10.037223191508938,13.33863616628378,17.33076098413912,21.965757080136207,27.12242698870623,36.02676441015059,50.60565577791702,85.63569829391562,p0.gas_fees_usd
Arbitrage Present,37938.0,5085284.172265722,134.04196774383792,1032.3133275386256,24.118375585996123,48477.11714408,1.6530326564901536,0.0,37938.0,0.0,0.0,1.6530326564901536,20.884917334672657,23.841054553043595,23.892456339089083,23.93470615357231,24.118375585996123,24.21511576732354,24.87598241060855,57.3597716767223,165.32696309530425,p0.gas_fees_usd
Arbitrage Not Present,1970054.0,92580128.05945812,46.99370071046688,208.37642685911948,21.54702010511019,48477.11714408,1.0436518766340928,0.0,1970054.0,0.0,0.0,1.0436518766340928,6.558212287145893,9.903158387943662,13.12611364833996,17.03165993715704,21.54702010511019,27.269193545821707,36.09175664085478,50.52371769489045,85.05508530214023,p0.gas_fees_usd
Population,2007992.0,372109053.5226143,185.31401196947712,479.5219758446889,57.10909673337735,48802.29013543283,1.2789960343058724,0.0,2007992.0,0.0,0.0,1.2789960343058724,12.121625139634489,19.6189449426231,28.127047897302504,38.78102471058837,57.10909673337735,94.42275752763904,162.27526508969217,262.3044229394774,443.2883940838934,p0.total_fees_usd
Arbitrage Present,37938.0,16677146.733142592,439.589507436939,1836.54763702645,38.760126575536674,48802.29013543283,2.7119543890139157,0.0,37938.0,0.0,0.0,2.7119543890139157,38.3721871736565,38.45271750888861,38.456888588482,38.63875120047634,38.760126575536674,42.30501948195841,67.69363230556714,281.17329771939967,831.4580958538332,p0.total_fees_usd
Arbitrage Not Present,1970054.0,355431906.7894719,180.41734226040094,410.0594617421766,57.727419116089294,48802.29013543283,1.2789960343058724,0.0,1970054.0,0.0,0.0,1.2789960343058724,11.990151336468497,19.34820564724434,27.517011393053057,39.1429157705124,57.727419116089294,95.62677103796736,163.3145748274541,262.20199043028657,440.7034000460605,p0.total_fees_usd
Population,2007992.0,-656.5601723269967,-0.0003269735000572695,0.002807115301303203,-0.0002247740461682,0.0927668750879938,-0.0791306638146444,0.0,2007992.0,0.0,0.0,-0.0791306638146444,-0.0023988269636041,-0.001886900221746,-0.0013364741613649,-0.0007817612161261,-0.0002247638659954,0.000358172976031,0.000952310717055,0.0015758691938343,0.0022485031166701,percent_change
Arbitrage Present,37938.0,-399.79114831013845,-0.010538013293008025,0.013094552629031505,-0.0169718066372817,0.0927668750879938,-0.0791306638146444,0.0,37938.0,0.0,0.0,-0.0791306638146444,-0.0209275872168726,-0.0197923809174142,-0.0188845227255944,-0.0179799073885999,-0.0169715608874637,-0.0151213114760897,-0.0038489473829029,0.0040670742911801,0.0081756749074912,percent_change
Arbitrage Not Present,1970054.0,-256.76902401685845,-0.00013033603343708266,0.0016380424236445035,-0.0001976548192584,0.0034997566803461,-0.0034998921393561,0.0,1970054.0,0.0,0.0,-0.0034998921393561,-0.0023493871908802,-0.0018292884857072,-0.0012910467259687,-0.0007459221634138,-0.0001976473236007,0.0003740288105517,0.000956934630647,0.001568004220946,0.0022301666315501,percent_change
Population,2007992.0,189908039.6119609,94.57609373541374,379.10124016857253,46.510493299904006,96676.36141263852,2.36369034290609,0.0,2007992.0,0.0,0.0,2.36369034290609,14.72977373296746,21.51261873618399,28.657112621116685,36.85194415235643,46.51063726753488,57.8347782239764,75.42272372347604,105.19373019385426,175.93017885250623,total_gas_fees_usd
Arbitrage Present,37938.0,11709307.057046503,308.64323520076186,1708.6243489407434,48.714104341533215,96676.36141263852,4.959030494711012,0.0,37938.0,0.0,0.0,4.959030494711012,45.466337123827074,48.2289826749391,48.39905093192307,48.53011944206364,48.71417941484648,48.95011970404861,57.55840943863713,155.83787569403108,466.4060503705134,total_gas_fees_usd
Arbitrage Not Present,1970054.0,178198732.5549142,90.45372997639365,298.9440506584639,45.67750709118017,91624.2634116935,2.36369034290609,0.0,1970054.0,0.0,0.0,2.36369034290609,14.599267744417762,21.27044205768868,28.24113255157897,36.230439367072506,45.677864075171,58.10381774568459,75.52446060819517,104.86273295717324,173.88503746591488,total_gas_fees_usd
Population,2007992.0,7027.97199999996,0.00349999999999998,1.3331136391978408e-13,0.0035,0.0035,0.0035,0.0,2007992.0,0.0,0.0,0.0035,0.0035,0.0035,0.0035,0.0035,0.0035,0.0035,0.0035,0.0035,0.0035,total_transaction_rate
Arbitrage Present,37938.0,132.78300000000004,0.003500000000000001,1.808039371864273e-15,0.0035,0.0035,0.0035,0.0,37938.0,0.0,0.0,0.0035,0.0035,0.0035,0.0035,0.0035,0.0035,0.0035,0.0035,0.0035,0.0035,total_transaction_rate
Arbitrage Not Present,1970054.0,6895.188999999961,0.00349999999999998,1.32095756774609e-13,0.0035,0.0035,0.0035,0.0,1970054.0,0.0,0.0,0.0035,0.0035,0.0035,0.0035,0.0035,0.0035,0.0035,0.0035,0.0035,0.0035,total_transaction_rate
Population,2007992.0,322706214.9784544,160.7109067060299,398.9973699868672,37.06572673762332,33492.62883445305,3.499999452278865e-09,0.0,2007992.0,0.0,0.0,3.499999452278865e-09,1.8416617402405,4.586481787367898,9.180200563024083,17.01549508157541,37.06612368991167,80.36390292506012,149.856853398522,244.3252908035264,409.8655530617789,total_transaction_fees_used
Arbitrage Present,37938.0,15385990.501695415,405.5561838182143,1503.2863173506823,17.006662115702493,31694.92626491056,0.0524396796907475,0.0,37938.0,0.0,0.0,0.0524396796907475,16.954408620202727,16.967499747372397,16.980527491976297,16.99360557726316,17.006666462266587,24.843939733170576,98.64246760763388,375.0296311340686,949.8685306054208,total_transaction_fees_used
Arbitrage Not Present,1970054.0,307320224.47675854,155.99583791954868,342.88482018823385,37.69853787908605,33492.62883445305,3.499999452278865e-09,0.0,1970054.0,0.0,0.0,3.499999452278865e-09,1.803435279400574,4.477977314913769,8.884726384739228,17.41180232325981,37.69900110154995,81.4944486047476,150.1387991550655,243.3778216810904,404.936324312122,total_transaction_fees_used
Population,2007992.0,512614254.590415,255.2870004414435,590.9229736332971,115.62247620335188,97516.40924577165,3.254606671460885,0.0,2007992.0,0.0,0.0,3.254606671460885,26.03324061429695,41.40496102629521,59.66888980914371,81.21889802373964,115.62347263030202,167.43994870534576,239.41767393382924,351.4661531212238,559.9946680357523,total_fees_usd
Arbitrage Present,37938.0,27095297.55874192,714.1994190189762,2409.872842557407,65.92819947524876,97516.40924577165,8.494658192285764,0.0,37938.0,0.0,0.0,8.494658192285764,65.20546391884508,65.3774838818326,65.5148235813851,65.69598697106959,65.92830232338534,93.42118779469592,251.3320731222707,718.3680911882738,1574.604017147447,total_fees_usd
Arbitrage Not Present,1970054.0,485518957.03167295,246.44956789594244,489.8437102127271,116.92061254386779,91722.87643383496,3.254606671460885,0.0,1970054.0,0.0,0.0,3.254606671460885,25.766765445037628,40.80103117453934,58.51630999002296,82.24933134737624,116.92162297801065,168.29633157808803,239.3631892152903,349.41573017931705,551.6227123010306,total_fees_usd
Population,2007992.0,5159850476.711692,2569.6568894257007,746.6794262593897,2341.3960001300547,4074.363408114287,1526.3488097890524,0.0,2007992.0,0.0,0.0,1526.3488097890524,1649.0247286371125,1835.6029290957945,1931.427090707864,2223.17464020855,2341.3960001300547,2897.6568394234887,3105.29408022641,3370.886764692801,3676.529394953686,global_eth_price_usd
Arbitrage Present,37938.0,117654073.66077182,3101.219717981228,515.9401776091628,3320.2187138290865,4074.363408114287,1526.3488097890524,0.0,37938.0,0.0,0.0,1526.3488097890524,2218.373050508502,2866.349085526836,3320.2187138290865,3320.2187138290865,3320.2187138290865,3320.2187138290865,3320.2187138290865,3320.2187138290865,3401.8810786952085,global_eth_price_usd
Arbitrage Not Present,1970054.0,5042196403.050919,2559.420403222916,746.7225281466589,2323.470586647045,4074.363408114287,1526.3488097890524,0.0,1970054.0,0.0,0.0,1526.3488097890524,1648.8049989331842,1832.3477706694327,1920.882236967681,2217.812948956044,2323.470586647045,2850.118110036234,3087.5780749424234,3376.84082740463,3679.2983897805816,global_eth_price_usd
Population,2007992.0,8.942292754998998e+16,46475970469.85345,167780823409.58948,28000000000.0,56657201823439.0,2213991973.0,0.0,2007992.0,83924.0,83924.0,2213991973.0,9283255800.0,14152585139.0,18659993705.0,23110870115.0,28000000000.0,34585715299.0,43524697963.0,56516702888.0,81023688562.0,maxFeePerGas_trade1
Arbitrage Present,37938.0,3986912070873421.0,107100200689.6637,549966160680.8473,24582129783.0,21059629057950.0,3610155495.0,0.0,37938.0,712.0,712.0,3610155495.0,24582129783.0,24582129783.0,24582129783.0,24582129783.0,24582129783.0,24582129783.0,31498103183.0,50427300361.0,122871633121.0,maxFeePerGas_trade1
Arbitrage Not Present,1970054.0,8.543601547911648e+16,45279899153.77995,150547799560.65952,28121393717.0,56657201823439.0,2213991973.0,0.0,1970054.0,83212.0,83212.0,2213991973.0,9192569634.0,14000000000.0,18430172664.0,22836005370.0,28121563682.0,34829229133.0,43707179916.0,56560868539.0,80753105431.0,maxFeePerGas_trade1
Population,2007992.0,2.5556383764067804e+16,13282474301.35931,159754312577.01837,100000000.0,56657201823439.0,0.0,219592.0,1788400.0,83924.0,83924.0,1.0,10000000.0,45590000.0,100000000.0,100000000.0,100000000.0,300000000.0,1500000000.0,3000000000.0,20000000000.0,maxPriorityFeePerGas_trade1
Arbitrage Present,37938.0,2268024484203274.0,60925817552.33638,543922949637.8583,0.0,21059629057950.0,0.0,28274.0,9664.0,712.0,712.0,1.0,14881289.0,75272000.0,100000000.0,940900000.0,2500000000.0,9066979535.0,14724892017.0,68292662120.0,452106186678.0,maxPriorityFeePerGas_trade1
Arbitrage Not Present,1970054.0,2.328835927986453e+16,12342506304.112654,141924281600.62088,100000000.0,56657201823439.0,0.0,191318.0,1778736.0,83212.0,83212.0,1.0,10000000.0,45442816.0,100000000.0,100000000.0,100000000.0,300000000.0,1500000000.0,3000000000.0,19731537711.0,maxPriorityFeePerGas_trade1
Population,2007992.0,63414888432.0,31581.245558747247,189675.42347191586,461.0,13347936.0,0.0,31872.0,1976120.0,0.0,0.0,1.0,12.0,40.0,97.0,218.0,495.0,1238.0,3760.0,11338.0,41774.0,nonce_trade1
Arbitrage Present,37938.0,4479322073.0,118069.53642785597,423214.4039036939,33733.0,2831710.0,0.0,57.0,37881.0,0.0,0.0,1.0,331.0,7451.0,32201.0,33733.0,33733.0,33733.0,33733.0,33733.0,33733.0,nonce_trade1
Arbitrage Not Present,1970054.0,58935566359.0,29915.711122131677,181861.64740855974,433.0,13347936.0,0.0,31815.0,1938239.0,0.0,0.0,1.0,12.0,39.0,94.0,207.0,464.0,1134.0,3373.0,10108.0,42185.0,nonce_trade1
Population,2007992.0,1112295659239.0,559681.096380953,722979.9810841021,376868.0,19330592.0,109100.0,0.0,2007992.0,20618.0,20618.0,109100.0,218118.0,252020.0,299103.0,327682.0,376868.0,448766.0,517760.0,629049.0,894278.0,gas_trade2
Arbitrage Present,37938.0,18532675786.0,489363.2538353886,764601.1805045416,301533.0,17900830.0,109100.0,0.0,37938.0,67.0,67.0,109100.0,301533.0,301533.0,301533.0,301533.0,301533.0,301533.0,348861.0,407882.0,762369.0,gas_trade2
Arbitrage Not Present,1970054.0,1093762983453.0,561047.0891570826,722080.1029063647,378646.0,19330592.0,109100.0,0.0,1970054.0,20551.0,20551.0,109100.0,216269.0,251668.0,296831.0,329658.0,378646.0,450000.0,519532.0,631515.0,895431.0,gas_trade2
Population,2007992.0,8.456280741977973e+16,42550021998.76809,162341155697.92502,22532294289.0,29296371356725.0,2298311408.0,0.0,2007992.0,20618.0,20618.0,2298311408.0,7518196572.0,11584715539.0,14846177928.0,18237262959.0,22532294289.0,27544315010.0,34587279000.0,45397907029.0,66789692317.0,gasPrice_trade2
Arbitrage Present,37938.0,3424018847831163.0,90412686431.07294,516715294505.3282,24582129783.0,29296371356725.0,3194827872.0,0.0,37938.0,67.0,67.0,3194827872.0,24582129783.0,24582129783.0,24582129783.0,24582129783.0,24582129783.0,24582129783.0,31498103183.0,41579807142.0,90846164656.0,gasPrice_trade2
Arbitrage Not Present,1970054.0,8.113878857194862e+16,41620242991.13601,147087563232.57022,22169487916.0,13357054763707.0,2298311408.0,0.0,1970054.0,20551.0,20551.0,2298311408.0,7450509055.0,11473022812.0,14683549516.0,17984489782.0,22169487916.0,27638193268.0,34665786260.0,45428908523.0,66519426927.0,gasPrice_trade2
Population,2007992.0,9.911935286097806e+16,51692671118.86684,174132476024.42365,28962890814.0,13357054763707.0,2407076339.0,0.0,2007992.0,90518.0,90518.0,2407076339.0,9331010945.0,14892927700.0,19316640894.0,23887970152.0,28962890814.0,35796925063.0,45438087765.0,59481067067.0,87279202956.0,maxFeePerGas_trade2
Arbitrage Present,37938.0,3367180786780110.0,90508313490.31288,450259274500.58405,24582129783.0,13357054763707.0,3610155495.0,0.0,37938.0,735.0,735.0,3610155495.0,24582129783.0,24582129783.0,24582129783.0,24582129783.0,24582129783.0,24582129783.0,31498103183.0,49820555647.0,109000000000.0,maxFeePerGas_trade2
Arbitrage Not Present,1970054.0,9.575217207419787e+16,50924665686.06221,163952733153.00867,29128009166.0,13357054763707.0,2407076339.0,0.0,1970054.0,89783.0,89783.0,2407076339.0,9249625545.0,14705119086.0,19084991355.0,23486037370.0,29128009166.0,36000000000.0,45622479958.0,59580780218.0,87016531407.0,maxFeePerGas_trade2
Population,2007992.0,3.462129196665887e+16,18055677399.880714,156334784769.7546,100000000.0,13357054763707.0,0.0,332528.0,1675464.0,90518.0,90518.0,1.0,10000000.0,47045000.0,100000000.0,100000000.0,100000000.0,300000000.0,1741257243.0,4601855276.0,32937790718.0,maxPriorityFeePerGas_trade2
Arbitrage Present,37938.0,1612046940489860.0,43331100730.85127,441183725170.44147,0.0,13357054763707.0,0.0,28257.0,9681.0,735.0,735.0,1.0,12626249.0,48500000.0,100000000.0,300000000.0,1789004391.0,5000000000.0,12070714785.0,39627415623.0,167757830506.0,maxPriorityFeePerGas_trade2
Arbitrage Not Present,1970054.0,3.3009245026169e+16,17555578438.51711,145121167270.35428,100000000.0,13357054763707.0,0.0,304271.0,1665783.0,89783.0,89783.0,1.0,10000000.0,47045000.0,100000000.0,100000000.0,100000000.0,300000000.0,1700000000.0,4500000000.0,32636444569.0,maxPriorityFeePerGas_trade2
Population,2007992.0,76562714302.0,38524.562715422464,203940.8747564007,610.0,2845521.0,0.0,20697.0,1987295.0,20618.0,20618.0,1.0,16.0,52.0,126.0,278.0,634.0,1639.0,5469.0,13681.0,79851.0,nonce_trade2
Arbitrage Present,37938.0,2632180488.0,69503.85487576245,285365.1872253149,33733.0,2830595.0,0.0,88.0,37850.0,67.0,67.0,1.0,269.0,6860.0,32201.0,33733.0,33733.0,33733.0,33733.0,33733.0,33733.0,nonce_trade2
Arbitrage Not Present,1970054.0,73930533814.0,37922.75970542236,201987.5190789177,579.0,2845521.0,0.0,20609.0,1949445.0,20551.0,20551.0,1.0,16.0,51.0,121.0,267.0,601.0,1484.0,4975.0,12432.0,80671.0,nonce_trade2
Population,2007992.0,921611.0,0.45897145008545853,0.49831393895428866,0.0,1.0,0.0,1086381.0,921611.0,0.0,0.0,1.0,1.0,1.0,1.0,1.0,1.0,1.0,1.0,1.0,1.0,TRADE_POOL_1_SELL_FLAG
Arbitrage Present,37938.0,9239.0,0.24352891559913542,0.4292172397279853,0.0,1.0,0.0,28699.0,9239.0,0.0,0.0,1.0,1.0,1.0,1.0,1.0,1.0,1.0,1.0,1.0,1.0,TRADE_POOL_1_SELL_FLAG
Arbitrage Not Present,1970054.0,912372.0,0.46312030025572903,0.4986381593465524,0.0,1.0,0.0,1057682.0,912372.0,0.0,0.0,1.0,1.0,1.0,1.0,1.0,1.0,1.0,1.0,1.0,1.0,TRADE_POOL_1_SELL_FLAG
Population,2007992.0,1073364.0,0.5345459543663521,0.498805273573898,1.0,1.0,0.0,934628.0,1073364.0,0.0,0.0,1.0,1.0,1.0,1.0,1.0,1.0,1.0,1.0,1.0,1.0,TRADE_POOL_2_SELL_FLAG
Arbitrage Present,37938.0,28613.0,0.7542042279508672,0.43056369682062645,1.0,1.0,0.0,9325.0,28613.0,0.0,0.0,1.0,1.0,1.0,1.0,1.0,1.0,1.0,1.0,1.0,1.0,TRADE_POOL_2_SELL_FLAG
Arbitrage Not Present,1970054.0,1044751.0,0.5303159202742666,0.49908022542628394,1.0,1.0,0.0,925303.0,1044751.0,0.0,0.0,1.0,1.0,1.0,1.0,1.0,1.0,1.0,1.0,1.0,1.0,TRADE_POOL_2_SELL_FLAG
Population,2007992.0,1935092.0,0.9636950744823685,0.18704784234150587,1.0,1.0,0.0,72900.0,1935092.0,0.0,0.0,1.0,1.0,1.0,1.0,1.0,1.0,1.0,1.0,1.0,1.0,Tran1Unique
Arbitrage Present,37938.0,19920.0,0.525067214929622,0.4993778209381825,1.0,1.0,0.0,18018.0,19920.0,0.0,0.0,1.0,1.0,1.0,1.0,1.0,1.0,1.0,1.0,1.0,1.0,Tran1Unique
Arbitrage Not Present,1970054.0,1915172.0,0.9721418803748527,0.1645662740143294,1.0,1.0,0.0,54882.0,1915172.0,0.0,0.0,1.0,1.0,1.0,1.0,1.0,1.0,1.0,1.0,1.0,1.0,Tran1Unique
Population,2007992.0,140830.0,0.07013474157267559,0.2553740238853061,0.0,1.0,0.0,1867162.0,140830.0,0.0,0.0,1.0,1.0,1.0,1.0,1.0,1.0,1.0,1.0,1.0,1.0,Tran2Unique
Arbitrage Present,37938.0,28386.0,0.7482207812747114,0.4340407924539931,1.0,1.0,0.0,9552.0,28386.0,0.0,0.0,1.0,1.0,1.0,1.0,1.0,1.0,1.0,1.0,1.0,1.0,Tran2Unique
Arbitrage Not Present,1970054.0,112444.0,0.05707660805236811,0.2319890001359811,0.0,1.0,0.0,1857610.0,112444.0,0.0,0.0,1.0,1.0,1.0,1.0,1.0,1.0,1.0,1.0,1.0,1.0,Tran2Unique
Population,2007992.0,-452086126.91082186,-225.14339046710438,171387.4843188611,-30.557719,19999999.981373,-19549576.158741,72900.0,1935092.0,0.0,0.0,-19549576.158741,-55812.816457,-7331.340372,-2303.45,-697.816731,-98.0,350.626855,1600.0,5961.698595,60495.687594,p1.t0_amount_unique
Arbitrage Present,37938.0,-1269862356.501859,-33472.04271447781,622704.0212445696,-0.0,10000000.0,-13365161.517147,18018.0,19920.0,0.0,0.0,-13365161.517147,-636416.64276,-97943.034949,-4873.891594,-4866.741505,-4859.244754,-4852.233464,10879.807111,42221.348899,344867.295138,p1.t0_amount_unique
Arbitrage Not Present,1970054.0,817776229.5910369,415.1034588854097,149835.22198731807,-40.0,19999999.981373,-19549576.158741,54882.0,1915172.0,0.0,0.0,-19549576.158741,-54220.266178,-7271.100769,-2222.144545,-670.172601,-92.81,357.716857,1595.0,5813.404242,59625.0,p1.t0_amount_unique
Population,2007992.0,-801633534.0225163,-399.22147798522917,74521.15419738469,0.0,9999999.990686,-8562524.041058,1867162.0,140830.0,0.0,0.0,-8562524.041058,-79656.162696,-17521.312313,-2257.936197,-68.2,1000.0,4855.832961,4872.020898,30860.127914,83828.125,p0.t0_amount_unique
Arbitrage Present,37938.0,-1050572073.950226,-27691.814907222993,452023.80214284937,4856.515032,9999999.990686,-6362244.234206,9552.0,28386.0,0.0,0.0,-6362244.234206,-14899.52929,4852.233464,4855.49198,4858.732756,4861.970014,4865.377492,4868.617958,4871.850888,4875.082598,p0.t0_amount_unique
Arbitrage Not Present,1970054.0,248938539.9277099,126.36127736991469,41364.97549033945,0.0,8222253.521076,-8562524.041058,1857610.0,112444.0,0.0,0.0,-8562524.041058,-88374.805259,-35747.506777,-4370.886289,-653.039978,67.5,1250.0,8000.0,47002.567407,94851.393183,p0.t0_amount_unique
Population,2007992.0,-144994.0,-0.072208455013765,0.9790206794752678,-1.0,1.0,-1.0,72900.0,1935092.0,0.0,0.0,-1.0,-1.0,-1.0,-1.0,-1.0,-1.0,1.0,1.0,1.0,1.0,BUY_SELL_BINARY1
Arbitrage Present,37938.0,-5914.0,-0.15588591913121408,0.7076581060822631,0.0,1.0,-1.0,18018.0,19920.0,0.0,0.0,-1.0,-1.0,-1.0,-1.0,-1.0,-1.0,-1.0,1.0,1.0,1.0,BUY_SELL_BINARY1
Arbitrage Not Present,1970054.0,-139080.0,-0.07059704962402046,0.983442132455766,-1.0,1.0,-1.0,54882.0,1915172.0,0.0,0.0,-1.0,-1.0,-1.0,-1.0,-1.0,-1.0,1.0,1.0,1.0,1.0,BUY_SELL_BINARY1
Population,2007992.0,23550.0,0.011728134375037351,0.26456989113667584,0.0,1.0,-1.0,1867162.0,140830.0,0.0,0.0,-1.0,-1.0,-1.0,-1.0,-1.0,1.0,1.0,1.0,1.0,1.0,BUY_SELL_BINARY2
Arbitrage Present,37938.0,19214.0,0.5064579050028994,0.7012375726203323,1.0,1.0,-1.0,9552.0,28386.0,0.0,0.0,-1.0,-1.0,1.0,1.0,1.0,1.0,1.0,1.0,1.0,1.0,BUY_SELL_BINARY2
Arbitrage Not Present,1970054.0,4336.0,0.0022009548976830075,0.23889703392793635,0.0,1.0,-1.0,1857610.0,112444.0,0.0,0.0,-1.0,-1.0,-1.0,-1.0,-1.0,1.0,1.0,1.0,1.0,1.0,BUY_SELL_BINARY2
Population,2007992.0,1952982016911.0,972604.4809496253,558178.5566587815,977678.5,1935092.0,1.0,0.0,2007992.0,0.0,0.0,1.0,195735.0,390617.0,586430.0,782071.0,977683.0,1172328.0,1366580.0,1547019.0,1741000.0,POOL_1_HISTORICAL_VOL
Arbitrage Present,37938.0,49764363842.0,1311728.7111075965,304952.1225199022,1442230.0,1934316.0,2149.0,0.0,37938.0,0.0,0.0,2149.0,1007163.0,1203467.0,1342082.0,1441072.0,1442231.0,1443352.0,1444605.0,1445803.0,1446975.0,POOL_1_HISTORICAL_VOL
Arbitrage Not Present,1970054.0,1903217653069.0,966073.8502949665,559924.1322285635,962739.5,1935092.0,1.0,0.0,1970054.0,0.0,0.0,1.0,192444.0,384590.0,577211.0,769653.0,962743.0,1157084.0,1352519.0,1552632.0,1744175.0,POOL_1_HISTORICAL_VOL
Population,2007992.0,127034302831.0,63264.347084550136,43337.953461812365,55233.0,140830.0,1.0,0.0,2007992.0,0.0,0.0,1.0,11188.0,21005.0,30793.0,42713.0,55233.0,67703.0,83414.0,118221.0,130379.0,POOL_2_HISTORICAL_VOL
Arbitrage Present,37938.0,3327785332.0,87716.4144657072,25618.66137402914,94724.5,140777.0,127.0,0.0,37938.0,0.0,0.0,127.0,56572.0,69890.0,80803.0,90943.0,94726.0,98515.0,102303.0,106089.0,109877.0,POOL_2_HISTORICAL_VOL
Arbitrage Not Present,1970054.0,123706517499.0,62793.465305519545,43473.81518343805,54406.0,140830.0,1.0,0.0,1970054.0,0.0,0.0,1.0,11088.0,20768.0,30250.0,41914.0,54406.0,66907.0,82017.0,118732.0,130500.0,POOL_2_HISTORICAL_VOL
Population,2007992.0,9.488508315838054e+16,47253715731.128685,26649231113.459286,48096231413.37079,93593371022.06035,13512.562679,0.0,2007992.0,0.0,0.0,13512.562679,10583107348.441887,19568174835.23688,28350382109.039425,39605208148.07736,48096234995.46981,54066371523.04048,66917321865.81775,76160681036.74664,82793577778.03514,POOL_1_HISTORICAL_TRADE_VAL
Arbitrage Present,37938.0,2413230580900479.5,63609852414.47835,14765774882.42531,70171422290.30673,93557510575.09265,97159554.46986514,0.0,37938.0,0.0,0.0,97159554.46986514,48834316291.103516,55320102701.672165,64971434960.45915,70165789534.26399,70171427152.10646,70176877606.89381,70182972956.45091,70188800939.24925,70194501749.87872,POOL_1_HISTORICAL_TRADE_VAL
Arbitrage Not Present,1970054.0,9.247185257748003e+16,46938740043.409996,26728415634.222927,47587500030.02821,93593371022.06035,13512.562679,0.0,1970054.0,0.0,0.0,13512.562679,10469000639.406862,19242367172.88242,27915717003.74339,38919708141.36994,47587570718.55585,53510200075.82394,65834134253.96725,76412398868.1233,82838702928.67947,POOL_1_HISTORICAL_TRADE_VAL
Population,2007992.0,7527348293721702.0,3748694364.1815815,3090239076.323547,2718668179.8511825,9625013286.028065,8979.675114,0.0,2007992.0,0.0,0.0,8979.675114,459481599.76178205,945427206.5822798,1344212384.8417208,1967222785.3575926,2718668179.8511825,3234911256.9990983,5283318944.544031,7835320219.278481,8679385970.257715,POOL_2_HISTORICAL_TRADE_VAL
Arbitrage Present,37938.0,206872490551590.6,5452909762.021999,1900446140.2333155,6085988943.034154,9621925472.321058,5837299.7002639985,0.0,37938.0,0.0,0.0,5837299.7002639985,2762190489.498456,3613605915.4137087,4969068664.974256,5882978794.487886,6085996249.618903,6316082809.735511,6506409722.112448,6727751184.324165,6900616459.937018,POOL_2_HISTORICAL_TRADE_VAL
Arbitrage Not Present,1970054.0,7320475803170112.0,3715875708.5694666,3099503202.5545435,2689825197.23668,9625013286.028065,8979.675114,0.0,1970054.0,0.0,0.0,8979.675114,457818073.3154182,938075070.3633757,1326637292.6454313,1912858630.9316359,2689825197.23668,3196834119.6095586,5089052959.751121,7888281864.210007,8680435595.29564,POOL_2_HISTORICAL_TRADE_VAL
Population,2007992.0,5810287475.0,2893.5809878724617,1963.7182385518074,2644.0,14424.0,0.0,352.0,2007640.0,0.0,0.0,1.0,528.0,1056.0,1584.0,2113.0,2645.0,3196.0,3807.0,4529.0,5546.0,POOL_1_DAILY_VOL
Arbitrage Present,37938.0,149774414.0,3947.8732141915757,2181.3879617468715,3797.0,11750.0,1.0,0.0,37938.0,0.0,0.0,1.0,1268.0,1778.0,2368.0,3094.0,3797.0,4434.0,5250.0,6199.0,7142.0,POOL_1_DAILY_VOL
Arbitrage Not Present,1970054.0,5660513061.0,2873.2781238483817,1953.7141937518243,2628.0,14424.0,0.0,352.0,1969702.0,0.0,0.0,1.0,522.0,1044.0,1570.0,2099.0,2628.0,3175.0,3782.0,4499.0,5504.0,POOL_1_DAILY_VOL
Population,2007992.0,787420028.0,392.14301052992244,1854.3959009234038,143.0,22853.0,0.0,20849.0,1987143.0,0.0,0.0,1.0,24.0,52.0,81.0,112.0,145.0,183.0,232.0,296.0,415.0,POOL_2_DAILY_VOL
Arbitrage Present,37938.0,257700337.0,6792.67059412726,7197.831698899353,3372.5,22623.0,0.0,27.0,37911.0,0.0,0.0,1.0,156.0,295.0,568.0,1273.0,3391.0,7172.0,10958.0,14745.0,18529.0,POOL_2_DAILY_VOL
Arbitrage Not Present,1970054.0,529719691.0,268.88587368671114,1305.0781826694272,140.0,22853.0,0.0,20822.0,1949232.0,0.0,0.0,1.0,24.0,51.0,80.0,110.0,142.0,179.0,226.0,287.0,391.0,POOL_2_DAILY_VOL
Population,2007992.0,308136728747333.2,153455157.5640407,152064924.15495187,114615018.7726745,1492551789.922687,0.0,352.0,2007640.0,0.0,0.0,0.048075,16916071.133644,37914602.235567,61529709.533108,86695620.020429,114635735.79879,145076599.712804,177706674.134692,230757768.378076,337641978.943861,POOL_1_DAILY_VAL
Arbitrage Present,37938.0,5027186745511.012,132510589.52794063,129784792.7814543,78276445.856997,1311114281.645044,164859.431401,0.0,37938.0,0.0,0.0,164859.431401,56607790.767286,62084728.415415,67170659.996127,72394759.530714,78276445.856997,83345173.702437,119420534.352666,167023601.809463,305544948.299492,POOL_1_DAILY_VAL
Arbitrage Not Present,1970054.0,303109542001822.1,153858494.23509312,152433817.45526096,115670636.696388,1492551789.922687,0.0,352.0,1969702.0,0.0,0.0,0.048075,16574563.222996,37271096.732751,60996857.592142,88099627.804065,115699959.169493,146061261.619816,178561721.889809,231468036.046587,338180605.386456,POOL_1_DAILY_VAL
Population,2007992.0,55294385402140.22,27537154.232756015,110446629.94682342,6240676.271037,1298747511.5422292,0.0,20849.0,1987143.0,0.0,0.0,0.009199,526895.964958,1525562.501989,2851177.371761,4465389.715487,6354740.340213,8929331.601189,12754995.238356,20730551.292113,39946186.355031,POOL_2_DAILY_VAL
Arbitrage Present,37938.0,15340336536141.588,404352800.2567765,401427023.52775526,231721166.92381603,1279445547.532895,0.0,27.0,37911.0,0.0,0.0,149.917722,9692850.457289001,25791637.951021,61308555.086266,116272651.83528301,231806257.480134,466948517.483884,661675560.815634,843267020.011805,1063412171.270951,POOL_2_DAILY_VAL
Arbitrage Not Present,1970054.0,39954048865998.625,20280687.161874052,80890308.59870234,6056171.318824,1298747511.5422292,0.0,20822.0,1949232.0,0.0,0.0,0.009199,509269.059407,1477712.646924,2779668.4967549997,4363634.339412,6168248.368556,8592609.267188,12300533.270579,19367326.627971,34464164.489828,POOL_2_DAILY_VAL
Population,2007992.0,95487494.0,47.55372232558695,418.6089736826199,2.0,6932.0,0.0,352.0,2007640.0,0.0,0.0,1.0,1.0,1.0,1.0,1.0,2.0,3.0,4.0,8.0,21.0,TRADER_POOL1_DAILY_VOL
Arbitrage Present,37938.0,78825335.0,2077.740919394802,2243.780643666076,1153.0,6931.0,1.0,0.0,37938.0,0.0,0.0,1.0,3.0,8.0,45.0,436.0,1153.0,2178.0,3309.0,4571.0,5750.0,TRADER_POOL1_DAILY_VOL
Arbitrage Not Present,1970054.0,16662159.0,8.457716895069881,27.526184891319343,2.0,6932.0,0.0,352.0,1969702.0,0.0,0.0,1.0,1.0,1.0,1.0,1.0,2.0,2.0,4.0,7.0,18.0,TRADER_POOL1_DAILY_VOL
Population,2007992.0,253589108.0,126.28989956135284,1340.3989468054053,1.0,22158.0,0.0,33949.0,1974043.0,0.0,0.0,1.0,1.0,1.0,1.0,1.0,1.0,1.0,1.0,2.0,4.0,TRADER_POOL2_DAILY_VOL
Arbitrage Present,37938.0,249986913.0,6589.354024988139,7246.959028209791,3223.5,22158.0,0.0,50.0,37888.0,0.0,0.0,1.0,1.0,3.0,15.0,1112.0,3250.0,7030.0,10813.0,14597.0,18378.0,TRADER_POOL2_DAILY_VOL
Arbitrage Not Present,1970054.0,3602195.0,1.8284752600690133,6.02975808235426,1.0,632.0,0.0,33899.0,1936155.0,0.0,0.0,1.0,1.0,1.0,1.0,1.0,1.0,1.0,1.0,2.0,3.0,TRADER_POOL2_DAILY_VOL
Population,2007992.0,2242104359335.492,1116590.2848893283,5184539.873727629,14829.132342,141382244.529384,0.0,352.0,2007640.0,0.0,0.0,1e-06,353.911119,1069.073262,2650.0,5992.086489,14843.714014000001,46769.384766,144899.989588,438061.252615,1856980.616686,TRADER_POOL1_DAILY_VAL
Arbitrage Present,37938.0,707001747639.55,18635714.78832701,23696996.078228556,12183266.444676,124199591.724858,0.221289,0.0,37938.0,0.0,0.0,0.221289,506701.110248,1790252.1260459998,4142818.8096209997,7778782.445773,12184360.503595,16945299.5741,22496093.839179,27618784.359897,32928737.966236,TRADER_POOL1_DAILY_VAL
Arbitrage Not Present,1970054.0,1535102611695.9424,779218.5451241146,3249487.105356003,13405.3726725,141382244.529384,0.0,352.0,1969702.0,0.0,0.0,1e-06,343.920776,1030.614608,2506.503218,5594.014634,13418.867263,40579.11936,127273.636136,370009.338475,1484317.573343,TRADER_POOL1_DAILY_VAL
Population,2007992.0,14551724922480.537,7246903.833521517,76147862.99318543,8381.705471,1224293591.888691,0.0,33949.0,1974043.0,0.0,0.0,1e-06,187.10314,742.016139,1728.694769,3759.395867,9168.02146,32210.408938,70284.893775,131254.6875,292857.572017,TRADER_POOL2_DAILY_VAL
Arbitrage Present,37938.0,14330761952273.947,377741629.8242909,408620746.2788797,205467073.134826,1224293591.888691,0.0,50.0,37888.0,0.0,0.0,0.3,59956.806321,280449.900015,3805500.174974,67207580.720569,205595966.82134202,446742685.960096,646199874.619001,828963427.2562851,1049093921.632742,TRADER_POOL2_DAILY_VAL
Arbitrage Not Present,1970054.0,220962970206.5873,112160.86980691255,733205.9003091829,7585.972781,102839442.713582,0.0,33899.0,1936155.0,0.0,0.0,1e-06,180.763855,708.487158,1634.914756,3546.134375,8381.705471,28645.148727,64647.631776,120320.666616,257943.983752,TRADER_POOL2_DAILY_VAL
Population,2007992.0,1713837990.0,853.5083755313766,2150.9358784711785,10.0,21285.0,1.0,0.0,2007992.0,0.0,0.0,1.0,1.0,2.0,3.0,5.0,10.0,31.0,168.0,929.0,2926.0,TRADER_POOL1_HISTORICAL_VOL
Arbitrage Present,37938.0,144206239.0,3801.102825662924,3075.5902903637457,3555.0,19214.0,1.0,0.0,37938.0,0.0,0.0,1.0,17.0,279.0,1416.0,2504.0,3556.0,4575.0,5707.0,6906.0,7993.0,TRADER_POOL1_HISTORICAL_VOL
Arbitrage Not Present,1970054.0,1569631751.0,796.7455465687742,2088.7624249527325,10.0,21285.0,1.0,0.0,1970054.0,0.0,0.0,1.0,1.0,2.0,3.0,5.0,10.0,27.0,140.0,795.0,2694.0,TRADER_POOL1_HISTORICAL_VOL
Population,2007992.0,467096218.0,232.61856521340724,1644.9687546340035,3.0,25006.0,0.0,5855.0,2002137.0,0.0,0.0,1.0,1.0,1.0,1.0,2.0,3.0,7.0,26.0,104.0,317.0,TRADER_POOL2_HISTORICAL_VOL
Arbitrage Present,37938.0,314310421.0,8284.844245874849,8280.005516206525,6043.5,24967.0,0.0,1.0,37937.0,0.0,0.0,1.0,3.0,27.0,363.0,2297.0,6046.0,9831.0,13619.0,17408.0,21194.0,TRADER_POOL2_HISTORICAL_VOL
Arbitrage Not Present,1970054.0,152785797.0,77.55411628310696,406.3883230829445,3.0,25006.0,0.0,5854.0,1964200.0,0.0,0.0,1.0,1.0,1.0,1.0,1.0,3.0,7.0,22.0,90.0,283.0,TRADER_POOL2_HISTORICAL_VOL
Population,2007992.0,203004019905023.9,101098022.25557867,360825336.05332464,170456.3807145,4354133030.373057,1e-06,0.0,2007992.0,0.0,0.0,1e-06,684.035383,3036.646826,10982.907222,45247.923864,170458.776346,678970.584493,6655883.783124,50790936.364668,254543797.941814,TRADER_POOL1_HISTORICAL_VAL
Arbitrage Present,37938.0,9759757260419.45,257255449.9557027,397877500.1255399,238590116.13373202,3805030705.428522,0.221289,0.0,37938.0,0.0,0.0,0.221289,2966395.334262,33928001.308109,145155939.266106,232782400.823798,238590116.13373202,243865556.89731202,249722282.95515302,255706685.864831,261329043.665531,TRADER_POOL1_HISTORICAL_VAL
Arbitrage Not Present,1970054.0,193244262644604.5,98090845.55276377,359409255.0147001,153186.3594425,4354133030.373057,1e-06,0.0,1970054.0,0.0,0.0,1e-06,655.706749,2933.213165,10223.130772,40401.054628,153190.839996,569205.334904,5218276.002943,41467651.822699,245249010.831806,TRADER_POOL1_HISTORICAL_VAL
Population,2007992.0,32106474241761.434,15989343.703441763,93267763.44805333,52599.964202,1387359852.3503351,0.0,5855.0,2002137.0,0.0,0.0,1e-06,334.672052,1314.84174,3894.808377,12230.009433,53552.502135,191108.247405,1350005.445316,7502212.529475,26951197.9138,TRADER_POOL2_HISTORICAL_VAL
Arbitrage Present,37938.0,17785391369269.555,468801501.6413505,461474026.005561,351078349.208987,1387021692.709893,0.0,1.0,37937.0,0.0,0.0,0.3,207110.96378,3627988.549362,32838174.242309,117463441.362036,351090514.184696,592261591.031707,792929724.1930981,974530940.074282,1194685812.0245562,TRADER_POOL2_HISTORICAL_VAL
Arbitrage Not Present,1970054.0,14321082872491.871,7269385.952106831,27220331.42363122,48081.781326,1387359852.3503351,0.0,5854.0,1964200.0,0.0,0.0,1e-06,319.579279,1256.127057,3692.975722,11106.65503,48789.0625,164350.743015,1107438.642878,6383443.659035,23672314.894889,TRADER_POOL2_HISTORICAL_VAL
Population,2007992.0,292557728672.0,145696.66048071906,208411.772077874,32004.0,723558.0,1.0,0.0,2007992.0,0.0,0.0,1.0,731.0,3279.0,7972.0,16110.0,32005.0,61666.0,131832.0,329022.0,526110.0,SMART_CONTRACT_POOL_1_HISTORICAL_VOL
Arbitrage Present,37938.0,1099935630.0,28992.97880752807,102412.93067964917,4860.5,718890.0,1.0,0.0,37938.0,0.0,0.0,1.0,431.0,1401.0,2754.0,3838.0,4861.0,5974.0,7127.0,8169.0,26751.0,SMART_CONTRACT_POOL_1_HISTORICAL_VOL
Arbitrage Not Present,1970054.0,291457793042.0,147944.06297593872,209290.74035338365,33677.0,723558.0,1.0,0.0,1970054.0,0.0,0.0,1.0,745.0,3389.0,8541.0,17230.0,33677.0,63752.0,141263.0,335070.0,529068.0,SMART_CONTRACT_POOL_1_HISTORICAL_VOL
Population,2007992.0,17310778272.0,8620.939860318169,10536.069593937902,3599.0,36415.0,0.0,10911.0,1997081.0,0.0,0.0,1.0,44.0,236.0,690.0,1657.0,3665.0,6821.0,10865.0,17941.0,27085.0,SMART_CONTRACT_POOL_2_HISTORICAL_VOL
Arbitrage Present,37938.0,385425162.0,10159.343191523012,8588.949715971843,8703.0,36385.0,0.0,14.0,37924.0,0.0,0.0,1.0,99.0,692.0,2985.0,5960.0,8708.0,11973.0,15546.0,19200.0,22746.0,SMART_CONTRACT_POOL_2_HISTORICAL_VOL
Arbitrage Not Present,1970054.0,16925353110.0,8591.314304074913,10567.850536445067,3499.0,36415.0,0.0,10897.0,1959157.0,0.0,0.0,1.0,44.0,231.0,675.0,1617.0,3577.0,6650.0,10720.0,17889.0,27276.0,SMART_CONTRACT_POOL_2_HISTORICAL_VOL
Population,2007992.0,6580715571616297.0,3277261847.465676,4071480974.558789,1264525337.1112905,14259432680.016212,8e-06,0.0,2007992.0,0.0,0.0,8e-06,17534806.471454,98899507.699297,268330870.656826,607690603.549002,1264538412.747948,2146175544.384784,4253364355.647203,7000676369.70643,10427077051.231096,SMART_CONTRACT_POOL_1_HISTORICAL_VAL
Arbitrage Present,37938.0,34180663695626.0,900961139.1118667,2259372176.6051307,208333338.987107,14185465210.856392,1043.696536,0.0,37938.0,0.0,0.0,1043.696536,49867203.893163,133899421.89881,197352321.295746,202970431.250526,208333338.987107,214321827.491301,220183822.267782,225894307.12872902,2025598461.942356,SMART_CONTRACT_POOL_1_HISTORICAL_VAL
Arbitrage Not Present,1970054.0,6546534907920674.0,3323023078.514941,4084978260.99037,1319827104.503098,14259432680.016212,8e-06,0.0,1970054.0,0.0,0.0,8e-06,17223247.474074,97431098.721917,295466218.917079,652779909.525895,1319833171.634857,2181315304.739948,4372583557.313508,7109671990.173103,10563440020.173578,SMART_CONTRACT_POOL_1_HISTORICAL_VAL
Population,2007992.0,533861725576086.94,265868452.45204508,359794181.36133265,102830790.525609,1740191930.104704,0.0,10911.0,1997081.0,0.0,0.0,1e-06,1046154.5256700001,9604049.031411,28919715.294287,59992819.971422,103933431.782703,161941505.93008,285702140.623128,511259638.347834,876152511.114888,SMART_CONTRACT_POOL_2_HISTORICAL_VAL
Arbitrage Present,37938.0,20447568957103.61,538973297.4090255,444419741.8287356,477860705.53321403,1738364564.093122,0.0,14.0,37924.0,0.0,0.0,20.583271,9531855.238327,56414351.451746,127181819.926712,315075216.507549,477911779.926664,665550156.828274,843605571.2229761,1016480639.900073,1205534968.281287,SMART_CONTRACT_POOL_2_HISTORICAL_VAL
Arbitrage Not Present,1970054.0,513414156618983.25,260609179.55496815,355917632.45116407,101404997.311374,1740191930.104704,0.0,10897.0,1959157.0,0.0,0.0,1e-06,1016141.81748,9318839.270549,28430985.37063,59332471.184177,102541929.498547,158056502.950433,274329221.01229,455503842.356936,868408605.620599,SMART_CONTRACT_POOL_2_HISTORICAL_VAL
Population,2007992.0,955605559.0,475.90107878915853,712.9504468033745,139.0,6932.0,0.0,352.0,2007640.0,0.0,0.0,1.0,5.0,18.0,41.0,79.0,139.0,242.0,480.0,955.0,1492.0,SMART_CONTRACT_POOL_1_DAILY_VOL
Arbitrage Present,37938.0,81592219.0,2150.672650113343,2195.6064978721056,1288.0,6931.0,1.0,0.0,37938.0,0.0,0.0,1.0,12.0,58.0,245.0,697.0,1288.0,2226.0,3309.0,4571.0,5750.0,SMART_CONTRACT_POOL_1_DAILY_VOL
Arbitrage Not Present,1970054.0,874013340.0,443.6494329597057,608.4416617414975,135.0,6932.0,0.0,352.0,1969702.0,0.0,0.0,1.0,5.0,18.0,41.0,78.0,136.0,234.0,456.0,919.0,1449.0,SMART_CONTRACT_POOL_1_DAILY_VOL
Population,2007992.0,306173473.0,152.47743666309427,1338.490097252468,12.0,22158.0,0.0,36063.0,1971929.0,0.0,0.0,1.0,1.0,2.0,4.0,7.0,13.0,22.0,36.0,55.0,84.0,SMART_CONTRACT_POOL_2_DAILY_VOL
Arbitrage Present,37938.0,250287568.0,6597.278928778534,7239.806076659419,3223.5,22158.0,0.0,60.0,37878.0,0.0,0.0,1.0,4.0,19.0,90.0,1115.0,3255.0,7034.0,10816.0,14599.0,18379.0,SMART_CONTRACT_POOL_2_DAILY_VOL
Arbitrage Not Present,1970054.0,55885905.0,28.36770210359716,38.0358774633879,12.0,632.0,0.0,36003.0,1934051.0,0.0,0.0,1.0,1.0,2.0,4.0,7.0,12.0,21.0,35.0,53.0,79.0,SMART_CONTRACT_POOL_2_DAILY_VOL
Population,2007992.0,25829238376387.82,12863217.76998505,20202004.495269526,4437757.563541,259812756.196799,0.0,352.0,2007640.0,0.0,0.0,1e-06,63475.533223,383370.847904,1080460.102995,2341110.697497,4440360.046106,8081442.417916,13591982.235902,21742186.875979,35646494.392405,SMART_CONTRACT_POOL_1_DAILY_VAL
Arbitrage Present,37938.0,837660383432.8135,22079719.105720215,25227142.93357551,15363939.0543105,205606308.675599,80.16371,0.0,37938.0,0.0,0.0,80.16371,1541716.195981,4033368.296783,7389669.207095,11192979.623258,15369533.94255,20131725.421138,25327920.130608,29874576.423119,45354533.915578,SMART_CONTRACT_POOL_1_DAILY_VAL
Arbitrage Not Present,1970054.0,24991577992954.973,12685732.468731808,20051378.907494124,4283990.9882424995,259812756.196799,0.0,352.0,1969702.0,0.0,0.0,1e-06,60417.800854999994,368566.25706599996,1039046.199193,2263286.013628,4286871.144419,7837049.7692,13279994.506145,21417538.207173,35561925.883199,SMART_CONTRACT_POOL_1_DAILY_VAL
Population,2007992.0,17012104782280.738,8472197.489970447,76149381.4832126,306080.508375,1224293591.888691,0.0,36063.0,1971929.0,0.0,0.0,1e-06,3272.886332,32563.657408,94676.896487,185023.816775,323054.128103,559606.067372,974387.168733,1688703.970438,3720392.450342,SMART_CONTRACT_POOL_2_DAILY_VAL
Arbitrage Present,37938.0,14361404222015.91,378549323.1592575,407910684.2962273,205467073.134826,1224293591.888691,0.0,60.0,37878.0,0.0,0.0,2.93584,285845.075026,1633022.453878,8804595.459713,67951928.638285,205620295.92329702,446762158.85898703,647401125.04364,828973147.444111,1049098790.0800691,SMART_CONTRACT_POOL_2_DAILY_VAL
Arbitrage Not Present,1970054.0,2650700560264.831,1345496.3976951044,4243638.334345489,293454.01184600004,172764689.080755,0.0,36003.0,1934051.0,0.0,0.0,1e-06,3118.130505,31047.819743,91665.367012,178505.145096,308695.050927,533279.2379899999,922115.0236750001,1582743.115531,3275344.973037,SMART_CONTRACT_POOL_2_DAILY_VAL
Population,2007992.0,-80534598169.0,-40107.03138707724,48946.53166616393,-25955.0,12149.0,-144995.0,73.0,2007919.0,0.0,0.0,-144995.0,-118489.0,-90928.0,-67950.0,-46057.0,-25958.0,-2990.0,2589.0,5345.0,9601.0,POOL_1_HISTORICAL_TRANSACTION_POSITION
Arbitrage Present,37938.0,-2551764428.0,-67261.4378196004,28419.54314908576,-79368.0,11994.0,-144825.0,0.0,37938.0,0.0,0.0,-144825.0,-84112.0,-82941.0,-81743.0,-80490.0,-79368.0,-78209.0,-65747.0,-49205.0,-28739.0,POOL_1_HISTORICAL_TRANSACTION_POSITION
Arbitrage Not Present,1970054.0,-77982833741.0,-39584.10974572271,49110.8210530732,-23719.0,12149.0,-144995.0,73.0,1969981.0,0.0,0.0,-144995.0,-119257.0,-91416.0,-66579.0,-43720.0,-23721.0,-1644.0,2678.0,5372.0,9750.0,POOL_1_HISTORICAL_TRANSACTION_POSITION
Population,2007992.0,14989121591.0,7464.7317275168425,9382.747818193948,2121.0,23759.0,-79.0,621.0,2007371.0,0.0,0.0,-79.0,819.0,1351.0,1670.0,1808.0,2121.0,3143.0,3755.0,23285.0,23482.0,POOL_2_HISTORICAL_TRANSACTION_POSITION
Arbitrage Present,37938.0,384767258.0,10142.001634245347,8006.5179296150645,8194.5,23735.0,-72.0,0.0,37938.0,0.0,0.0,-72.0,1701.0,2026.0,2897.0,4461.0,8196.0,11927.0,15671.0,19401.0,23127.0,POOL_2_HISTORICAL_TRANSACTION_POSITION
Arbitrage Not Present,1970054.0,14604354333.0,7413.174630238562,9399.795657835899,2110.0,23759.0,-79.0,621.0,1969433.0,0.0,0.0,-79.0,813.0,1340.0,1667.0,1796.0,2110.0,3013.0,3741.0,23288.0,23486.0,POOL_2_HISTORICAL_TRANSACTION_POSITION
Population,2007992.0,-412479940370359.0,-205419115.40004092,144301475.85936725,-177541609.0,72038801.0,-495474347.0,0.0,2007992.0,0.0,0.0,-495474347.0,-434230675.0,-378058627.0,-276454579.0,-216974855.0,-177540820.0,-132922463.0,-113827393.0,-96391835.0,-21157520.0,POOL_1_HISTORICAL_POSITION_VALUE
Arbitrage Present,37938.0,-10872434939178.0,-286584293.8261901,83069146.9075682,-315120749.0,69755829.0,-485936229.0,0.0,37938.0,0.0,0.0,-485936229.0,-338093244.0,-332436209.0,-326627667.0,-320542057.0,-315120749.0,-309590185.0,-281854186.0,-220400662.0,-171290060.0,POOL_1_HISTORICAL_POSITION_VALUE
Arbitrage Not Present,1970054.0,-401607505431181.0,-203856089.9504181,144781636.4179149,-174977654.0,72038801.0,-495474347.0,0.0,1970054.0,0.0,0.0,-495474347.0,-435060602.0,-379582289.0,-274054972.0,-211968804.0,-174977200.0,-131899796.0,-113130237.0,-95510050.0,-20454354.0,POOL_1_HISTORICAL_POSITION_VALUE
Population,2007992.0,-416976013354384.0,-207658204.4920418,327312152.350437,-15108622.0,67870006.0,-834842792.0,0.0,2007992.0,0.0,0.0,-834842792.0,-779113751.0,-717896008.0,-179273134.0,-48469374.0,-15108082.0,-598184.0,13851652.0,20716075.0,28534739.0,POOL_2_HISTORICAL_POSITION_VALUE
Arbitrage Present,37938.0,-10560353251576.0,-278358196.309136,252575896.02385655,-198639876.5,67870006.0,-834841541.0,0.0,37938.0,0.0,0.0,-834841541.0,-638928871.0,-556132123.0,-425540696.0,-330039174.0,-198635396.0,-136347655.0,-73151540.0,-24934737.0,12298451.0,POOL_2_HISTORICAL_POSITION_VALUE
Arbitrage Not Present,1970054.0,-406415660102808.0,-206296710.70072597,328435311.6210228,-14817105.0,67870006.0,-834842792.0,0.0,1970054.0,0.0,0.0,-834842792.0,-779373121.0,-718648176.0,-176414147.0,-47898544.0,-14817105.0,5366506.0,14087498.0,20972987.0,28582885.0,POOL_2_HISTORICAL_POSITION_VALUE
Population,2007992.0,-589625371.0,-293.63930284582807,664.5528464265165,-169.0,1310.0,-7476.0,6080.0,2001912.0,0.0,0.0,-7476.0,-733.0,-520.0,-376.0,-259.0,-171.0,-94.0,-34.0,10.0,86.0,POOL_1_DAILY_VOL_POSITION
Arbitrage Present,37938.0,-81513072.0,-2148.586430491855,2332.756506689158,-1218.0,1306.0,-7267.0,19.0,37919.0,0.0,0.0,-7267.0,-5904.0,-4729.0,-3467.0,-2339.0,-1221.0,-610.0,-306.0,-108.0,130.0,POOL_1_DAILY_VOL_POSITION
Arbitrage Not Present,1970054.0,-508112299.0,-257.9179550408263,527.0738848173362,-166.0,1310.0,-7476.0,6061.0,1963993.0,0.0,0.0,-7476.0,-707.0,-508.0,-366.0,-252.0,-167.0,-91.0,-33.0,11.0,85.0,POOL_1_DAILY_VOL_POSITION
Population,2007992.0,365861096.0,182.20246694209936,1811.3855148307468,3.0,21858.0,-2858.0,45812.0,1962180.0,0.0,0.0,-2858.0,-50.0,-28.0,-15.0,-5.0,4.0,12.0,25.0,41.0,69.0,POOL_2_DAILY_VOL_POSITION
Arbitrage Present,37938.0,237282035.0,6254.4687384680265,7325.9861845328405,3130.5,21844.0,-2847.0,95.0,37843.0,0.0,0.0,-2847.0,-138.0,-30.0,16.0,123.0,3182.0,6898.0,10629.0,14367.0,18088.0,POOL_2_DAILY_VOL_POSITION
Arbitrage Not Present,1970054.0,128579061.0,65.2667698448875,1259.7809143697737,3.0,21858.0,-2858.0,45717.0,1924337.0,0.0,0.0,-2858.0,-49.0,-28.0,-15.0,-5.0,4.0,12.0,24.0,39.0,65.0,POOL_2_DAILY_VOL_POSITION
Population,2007992.0,-2961699205308.4224,-1474955.6797578987,13414789.12741548,-573566.0286290005,73401255.281494,-94611941.26883301,353.0,2007639.0,0.0,0.0,-94611941.26883301,-13291054.169872,-7511325.208516,-4195345.061004,-2106174.608716,-574711.5357240001,621656.924019,2234056.5787420003,4879263.304739001,10201581.151542999,POOL_1_DAILY_VAL_POSITION
Arbitrage Present,37938.0,-805339599143.8579,-21227782.14834356,20954089.873071313,-19037706.119395502,72042753.112189,-94351583.550817,0.0,37938.0,0.0,0.0,-94351583.550817,-37987095.263545,-33149458.223291,-28913742.179522,-23463960.873912,-19037200.852743,-15031296.969109,-11139758.914259,-6746842.716374998,-82894.21200399997,POOL_1_DAILY_VAL_POSITION
Arbitrage Not Present,1970054.0,-2156359606164.563,-1094568.7814468858,12934777.266152639,-478882.9706354999,73401255.281494,-94611941.26883301,353.0,1969701.0,0.0,0.0,-94611941.26883301,-12342137.784216,-7039481.085129,-3926063.712513,-1946496.9273589996,-479873.15222499997,699059.9095099997,2317368.395422,4973827.614089,10279465.546492,POOL_1_DAILY_VAL_POSITION
Population,2007992.0,-14844867676789.02,-7392891.842591514,57611336.48008103,-22891.651483999995,72552655.806363,-669122288.127854,20849.0,1987143.0,0.0,0.0,-669122288.127854,-5294145.982505,-2203224.6442400003,-1121631.5812350002,-479446.87832099997,-41641.99093000004,260742.1875,839289.786959,1852666.1216590002,4168929.482194,POOL_2_DAILY_VAL_POSITION
Arbitrage Present,37938.0,-8130418457950.288,-214308040.96025854,219923600.430897,-117782292.3681275,72552655.806363,-668489360.375769,27.0,37911.0,0.0,0.0,-668489360.375769,-584257862.612161,-448832247.680971,-358442972.146886,-257808974.62380102,-117799917.239823,-68004155.077484,-25576597.633913,-3676778.2409159997,622167.3382330001,POOL_2_DAILY_VAL_POSITION
Arbitrage Not Present,1970054.0,-6714449218838.729,-3408256.4329905314,40140246.45609709,-5016.649799000001,72552655.806363,-669122288.127854,20822.0,1949232.0,0.0,0.0,-669122288.127854,-4567266.069618,-2033854.878688,-1014950.825829,-429834.927978,-15065.337953999999,280336.941159,872264.727525,1882456.560981,4210632.920142,POOL_2_DAILY_VAL_POSITION
Population,2007992.0,-991357719258.8641,-493706.0104118264,4597328.515439531,-165.55059799999998,29993018.834854998,-77713556.80264801,2424.0,2005568.0,0.0,0.0,-77713556.80264801,-149247.75056100002,-32664.471924,-6641.315178000001,-1637.7018199999998,-171.008779,654.850265,4000.0,23276.103686000002,126992.1875,TRADER1_60M_net_val
Arbitrage Present,37938.0,-986735556357.7438,-26009161.167108014,21149193.346777342,-33697406.250689,29993018.834854998,-77713556.80264801,47.0,37891.0,0.0,0.0,-77713556.80264801,-33697406.250689,-33697406.250689,-33697406.250689,-33697406.250689,-33697406.250689,-33697406.250689,-2872335.758568001,-268985.580171,139363.863312,TRADER1_60M_net_val
Arbitrage Not Present,1970054.0,-4622162901.120096,-2346.211271934727,387775.9491695624,-114.066329,29993018.834854998,-77713556.80264801,2377.0,1967677.0,0.0,0.0,-77713556.80264801,-124120.74266,-25925.062330999997,-5733.049977999999,-1425.873412,-117.74536900000001,750.320929,4188.516798000001,24098.890428,126953.125,TRADER1_60M_net_val
Population,2007992.0,508353577.0,253.1651405981697,2323.010492974702,2.0,22201.0,1.0,0.0,2007992.0,0.0,0.0,1.0,1.0,1.0,1.0,2.0,2.0,2.0,3.0,4.0,6.0,TRADER1_60M_total_vol
Arbitrage Present,37938.0,501239327.0,13212.065132584743,10696.505472443932,22200.0,22200.0,1.0,0.0,37938.0,0.0,0.0,1.0,4.0,8.0,40.0,2784.0,22200.0,22200.0,22200.0,22200.0,22200.0,TRADER1_60M_total_vol
Arbitrage Not Present,1970054.0,7114250.0,3.611195429160825,28.252280558126152,2.0,22201.0,1.0,0.0,1970054.0,0.0,0.0,1.0,1.0,1.0,1.0,2.0,2.0,2.0,3.0,4.0,6.0,TRADER1_60M_total_vol
Population,2007992.0,-149596725.0,-74.5006578711469,726.430062244759,0.0,1275.0,-6929.0,287681.0,1720311.0,0.0,0.0,-6929.0,-3.0,-2.0,-1.0,-1.0,-1.0,1.0,1.0,1.0,2.0,TRADER1_60M_net_position
Arbitrage Present,37938.0,-150123681.0,-3957.0794717697295,3542.279416135282,-6928.0,1275.0,-6928.0,2204.0,35734.0,0.0,0.0,-6928.0,-6928.0,-6928.0,-6928.0,-6928.0,-6928.0,-6928.0,-1.0,1.0,56.0,TRADER1_60M_net_position
Arbitrage Not Present,1970054.0,526956.0,0.26748302330799056,18.68712991468154,0.0,1275.0,-6929.0,285477.0,1684577.0,0.0,0.0,-6929.0,-2.0,-2.0,-1.0,-1.0,-1.0,1.0,1.0,1.0,2.0,TRADER1_60M_net_position
Population,2007992.0,-15037765619292.08,-7488956.937722899,69052846.79547776,0.0,13002917.761696,-658930701.436285,93451.0,1914541.0,0.0,0.0,-658930701.436285,-88749.946939,-17306.469715,-2701.355333,-488.653203,28.293596,900.0,3617.961873,28432.107078,89561.209544,TRADER2_60M_net_val
Arbitrage Present,37938.0,-15037618558802.424,-396373518.86769,313402006.9188369,-658930701.436285,13002917.761696,-658930701.436285,84.0,37854.0,0.0,0.0,-658930701.436285,-658930701.436285,-658930701.436285,-658930701.436285,-658930701.436285,-658930701.436285,-122512358.322166,-2418092.962393,-45951.039702,48669.012732,TRADER2_60M_net_val
Arbitrage Not Present,1970054.0,-147060489.6587515,-74.64794856321272,549554.9921011804,1.0,13002917.761696,-122512358.322166,93367.0,1876687.0,0.0,0.0,-122512358.322166,-76009.290806,-12469.993143,-2314.438253,-397.899225,49.526467,987.777236,3807.115443,29814.769822,89894.500328,TRADER2_60M_net_val
Population,2007992.0,599061099.0,298.3383892963717,2318.648764870135,30.0,22200.0,1.0,0.0,2007992.0,0.0,0.0,1.0,4.0,8.0,13.0,21.0,30.0,43.0,61.0,87.0,131.0,TRADER2_60M_total_vol
Arbitrage Present,37938.0,501399319.0,13216.282329063208,10691.29903354273,22200.0,22200.0,1.0,0.0,37938.0,0.0,0.0,1.0,8.0,21.0,75.0,2784.0,22200.0,22200.0,22200.0,22200.0,22200.0,TRADER2_60M_total_vol
Arbitrage Not Present,1970054.0,97661780.0,49.57314875632851,55.76032614254156,30.0,2784.0,1.0,0.0,1970054.0,0.0,0.0,1.0,4.0,8.0,13.0,20.0,30.0,42.0,59.0,84.0,125.0,TRADER2_60M_total_vol
Population,2007992.0,477730561.0,237.91457386284407,2288.607838466412,1.0,21862.0,-2712.0,123092.0,1884900.0,0.0,0.0,-2712.0,-1.0,-1.0,-1.0,-1.0,1.0,1.0,1.0,1.0,1.0,TRADER2_60M_net_position
Arbitrage Present,37938.0,477818672.0,12594.72486688808,11026.927025709647,21862.0,21862.0,-2712.0,705.0,37233.0,0.0,0.0,-2712.0,-5.0,-1.0,1.0,44.0,21862.0,21862.0,21862.0,21862.0,21862.0,TRADER2_60M_net_position
Arbitrage Not Present,1970054.0,-88111.0,-0.04472516996996021,6.852713025920684,0.0,99.0,-2712.0,122387.0,1847667.0,0.0,0.0,-2712.0,-1.0,-1.0,-1.0,-1.0,1.0,1.0,1.0,1.0,1.0,TRADER2_60M_net_position
Population,2007992.0,-1009001843478.6654,-502492.9598716854,4690856.080224066,-1921.3233139999709,29993018.834854998,-77713556.80264801,474.0,2007518.0,0.0,0.0,-77713556.80264801,-608583.8345890002,-255431.42463999754,-110523.4283090001,-30490.366137999867,-1931.674637,9090.142157999882,73562.69940700465,199445.33668700545,485988.118948,SMART_CONTRACT_POOL1_60M_net_val
Arbitrage Present,37938.0,-987157119325.7413,-26020273.05935319,21161262.24338236,-33697406.250689,29993018.834854998,-77713556.80264801,41.0,37897.0,0.0,0.0,-77713556.80264801,-33697406.250689,-33697406.250689,-33697406.250689,-33697406.250689,-33697406.250689,-33697406.250689,-3642615.696401,-403994.32394,202572.35639899995,SMART_CONTRACT_POOL1_60M_net_val
Arbitrage Not Present,1970054.0,-21844724152.924763,-11088.38851773848,1011750.04889106,-1335.6312375,29993018.834854998,-77713556.80264801,433.0,1969621.0,0.0,0.0,-77713556.80264801,-534675.773895,-232497.31273499998,-100334.89660999998,-26054.355244999984,-1344.489786,10544.306434999986,76887.813469,202790.19291500168,488749.4443749996,SMART_CONTRACT_POOL1_60M_net_val
Population,2007992.0,585785862.0,291.727189152148,2319.3106062058287,19.0,22201.0,1.0,0.0,2007992.0,0.0,0.0,1.0,2.0,4.0,8.0,12.0,19.0,39.0,69.0,87.0,110.0,SMART_CONTRACT_POOL1_60M_total_vol
Arbitrage Present,37938.0,501554573.0,13220.374637566556,10686.287492891674,22200.0,22200.0,1.0,0.0,37938.0,0.0,0.0,1.0,8.0,24.0,121.0,2784.0,22200.0,22200.0,22200.0,22200.0,22200.0,SMART_CONTRACT_POOL1_60M_total_vol
Arbitrage Not Present,1970054.0,84231289.0,42.7558275052359,53.58049626156262,18.0,22201.0,1.0,0.0,1970054.0,0.0,0.0,1.0,2.0,4.0,7.0,12.0,18.0,36.0,68.0,86.0,107.0,SMART_CONTRACT_POOL1_60M_total_vol
Population,2007992.0,-154168889.0,-76.77764104637868,726.3163183606763,-1.0,1275.0,-6929.0,155211.0,1852781.0,0.0,0.0,-6929.0,-19.0,-9.0,-5.0,-3.0,-1.0,-1.0,2.0,4.0,9.0,SMART_CONTRACT_POOL1_60M_net_position
Arbitrage Present,37938.0,-150140087.0,-3957.5119141757605,3541.8065927657526,-6928.0,1275.0,-6928.0,1357.0,36581.0,0.0,0.0,-6928.0,-6928.0,-6928.0,-6928.0,-6928.0,-6928.0,-6928.0,-3.0,2.0,56.0,SMART_CONTRACT_POOL1_60M_net_position
Arbitrage Not Present,1970054.0,-4028802.0,-2.045021100944441,22.942487019272768,-1.0,1275.0,-6929.0,153854.0,1816200.0,0.0,0.0,-6929.0,-18.0,-9.0,-5.0,-3.0,-1.0,1.0,2.0,4.0,9.0,SMART_CONTRACT_POOL1_60M_net_position
Population,2007992.0,-15032047545708.697,-7486109.280170786,69055050.94531313,0.0,25696398.414532,-658930701.436285,93854.0,1914138.0,0.0,0.0,-658930701.436285,-179909.702385,-58008.274565,-10859.321693000002,-1312.916112,53.84591399999999,2266.062181,17139.579728,66666.204605,169453.125,SMART_CONTRACT_POOL2_60M_net_val
Arbitrage Present,37938.0,-15039891004349.885,-396433417.79613805,313333245.28687257,-658930701.436285,12900520.657673,-658930701.436285,87.0,37851.0,0.0,0.0,-658930701.436285,-658930701.436285,-658930701.436285,-658930701.436285,-658930701.436285,-658930701.436285,-122512358.322166,-3337069.965844,-83488.849897,77632.19365700003,SMART_CONTRACT_POOL2_60M_net_val
Arbitrage Not Present,1970054.0,7843458641.187289,3981.341953665884,695833.304682167,0.544491,25696398.414532,-122512358.322166,93767.0,1876287.0,0.0,0.0,-122512358.322166,-152027.398722,-50674.54513199998,-8637.327655000008,-1040.916774,100.0,2500.0,18113.82718199995,67909.672166,170360.216954,SMART_CONTRACT_POOL2_60M_net_val
Population,2007992.0,671571645.0,334.4493628460671,2315.265431988771,71.0,22200.0,1.0,0.0,2007992.0,0.0,0.0,1.0,9.0,19.0,33.0,50.0,71.0,94.0,119.0,149.0,192.0,SMART_CONTRACT_POOL2_60M_total_vol
Arbitrage Present,37938.0,501820437.0,13227.382492487743,10677.667971722882,22200.0,22200.0,1.0,0.0,37938.0,0.0,0.0,1.0,15.0,49.0,179.0,2784.0,22200.0,22200.0,22200.0,22200.0,22200.0,SMART_CONTRACT_POOL2_60M_total_vol
Arbitrage Not Present,1970054.0,169751208.0,86.16576398413444,73.54853863246726,70.0,2784.0,1.0,0.0,1970054.0,0.0,0.0,1.0,8.0,19.0,33.0,50.0,70.0,92.0,117.0,146.0,186.0,SMART_CONTRACT_POOL2_60M_total_vol
Population,2007992.0,-161774435.0,-80.56527864652847,725.9081175210459,-3.0,1275.0,-6928.0,98434.0,1909558.0,0.0,0.0,-6928.0,-30.0,-19.0,-12.0,-7.0,-4.0,-1.0,2.0,5.0,12.0,SMART_CONTRACT_POOL2_60M_net_position
Arbitrage Present,37938.0,-150166452.0,-3958.2068638304604,3541.0229580667956,-6928.0,1275.0,-6928.0,953.0,36985.0,0.0,0.0,-6928.0,-6928.0,-6928.0,-6928.0,-6928.0,-6928.0,-6928.0,-5.0,2.0,56.0,SMART_CONTRACT_POOL2_60M_net_position
Arbitrage Not Present,1970054.0,-11607983.0,-5.892215644850344,22.360422779750994,-3.0,1275.0,-223.0,97481.0,1872573.0,0.0,0.0,-223.0,-29.0,-18.0,-12.0,-7.0,-4.0,-1.0,2.0,5.0,12.0,SMART_CONTRACT_POOL2_60M_net_position
Population,2007992.0,-297.2603591053862,-0.00014803861723820921,0.0017071555008908413,-0.00022403367159165,0.0927668750879938,-0.0758370534194627,3.0,2007989.0,0.0,0.0,-0.0758370534194627,-0.0023435372969408,-0.001875793042176,-0.0013285008888725,-0.0007766858815895,-0.0002240341588232,0.0003542459236454,0.0009416542723146,0.0015522288733445,0.0022204199963346,percent_change_1min_lag
Arbitrage Present,37938.0,-42.24622913700175,-0.001113559732642779,0.002551071238887234,-0.0023063116733577,0.0570196554988373,-0.0529266885654068,0.0,37938.0,0.0,0.0,-0.0529266885654068,-0.0023063116733577,-0.0023063116733577,-0.0023063116733577,-0.0023063116733577,-0.0023063116733577,-0.0023063116733577,-0.0010872956457097,0.0013510618472547,0.002108024824015,percent_change_1min_lag
Arbitrage Not Present,1970054.0,-255.01412996838417,-0.00012944524869287042,0.0016813334825929649,-0.0001982235564822,0.0927668750879938,-0.0758370534194627,3.0,1970051.0,0.0,0.0,-0.0758370534194627,-0.0023472811967835,-0.0018253261448053,-0.0012885086588683,-0.0007437321027001,-0.0001982206255463,0.000372029314103,0.0009498381100547,0.0015609629620086,0.0022233422635199,percent_change_1min_lag
Population,2007992.0,-245.03927530757628,-0.00012203199779061684,0.0016731403512813292,-0.0001993717494548,0.0927668750879938,-0.0758370534194627,13.0,2007979.0,0.0,0.0,-0.0758370534194627,-0.0023328598858828,-0.00179672173529,-0.0012562700328549,-0.0007063472717581,-0.0001993717494548,0.0003559068351866,0.0009379692486685,0.0015519006750976,0.0022165798622394,percent_change_5min_lag
Arbitrage Present,37938.0,3.970118946899382,0.0001046475551399489,0.0017221448621949922,-0.0001993717494548,0.0282308023135207,-0.0288408082444333,0.0,37938.0,0.0,0.0,-0.0288408082444333,-0.0012530092589899,-0.0001993717494548,-0.0001993717494548,-0.0001993717494548,-0.0001993717494548,-0.0001993717494548,-0.0001993717494548,0.0013048271906284,0.0018164613494036,percent_change_5min_lag
Arbitrage Not Present,1970054.0,-249.00939425447578,-0.0001263972430473864,0.0016718814109477767,-0.00019334592352519998,0.0927668750879938,-0.0758370534194627,13.0,1970041.0,0.0,0.0,-0.0758370534194627,-0.0023372900089537,-0.001810438584514,-0.0012769903169064,-0.000734639501292,-0.0001933508164466,0.0003735449196541,0.0009474888246984,0.0015539093985444,0.0022195802831939,percent_change_5min_lag
Population,2007992.0,-188.72417666934652,-9.398651820791444e-05,0.0016745994874409736,-0.0001528363027974,0.0927668750879938,-0.0758370534194627,27.0,2007965.0,0.0,0.0,-0.0758370534194627,-0.0023277236831492,-0.0017865309197922,-0.0012485716547704,-0.0007009279656538,-0.0001528730600326,0.0004221835198559,0.0010000420995096,0.0016153849419212,0.0022176632358643,percent_change_10min_lag
Arbitrage Present,37938.0,52.78573864797284,0.0013913685130468882,0.00165246710596947,0.0022176632358643,0.0355397109136686,-0.0758370534194627,0.0,37938.0,0.0,0.0,-0.0758370534194627,-0.0012662401649351,0.0005978284629338,0.0014363039998479,0.0022176632358643,0.0022176632358643,0.0022176632358643,0.0022176632358643,0.0022176632358643,0.0022176632358643,percent_change_10min_lag
Arbitrage Not Present,1970054.0,-241.50991531731947,-0.00012259050529443328,0.0016620462014194262,-0.0001886788508995,0.0927668750879938,-0.0758370534194627,27.0,1970027.0,0.0,0.0,-0.0758370534194627,-0.002332622030053,-0.0018002289726666,-0.0012696170948293,-0.0007294804108015,-0.0001887151500404,0.0003763596329832,0.000951974152578,0.001555342656774,0.0022176619992436,percent_change_10min_lag
Population,2007992.0,-286.7518680587437,-0.0001428052841140521,0.0016547944836895583,-0.00022209666334435,0.0738601025724332,-0.0758370534194627,62.0,2007930.0,0.0,0.0,-0.0758370534194627,-0.0023232863294318,-0.0017816527311887,-0.001311606812209,-0.0007655614834745,-0.0002222515052759,0.0003443246935563,0.0009221067645675,0.0015264752089687,0.0021987997021366,percent_change_30min_lag
Arbitrage Present,37938.0,-42.62744760876684,-0.0011236081925448586,0.0014030170609801947,-0.0017381685677561,0.0130917028804337,-0.0171724069690378,0.0,37938.0,0.0,0.0,-0.0171724069690378,-0.0017381685677561,-0.0017381685677561,-0.0017381685677561,-0.0017381685677561,-0.0017381685677561,-0.0017381685677561,-0.0017167866640861,-0.0005657773166701,0.0013223438681564,percent_change_30min_lag
Arbitrage Not Present,1970054.0,-244.12442044997684,-0.00012391762888224223,0.0016535688564547739,-0.0001863560523607,0.0738601025724332,-0.0758370534194627,62.0,1969992.0,0.0,0.0,-0.0758370534194627,-0.0023285023991556,-0.0017945062841038,-0.0012656862125614,-0.000726381287407,-0.0001864519895876,0.0003712778573491,0.0009418214286909,0.0015400936445692,0.0022053224224205,percent_change_30min_lag
Population,2007992.0,-249.65316637877223,-0.00012432976146258164,0.0016429159045983424,-0.0001552865312068,0.0927668750879938,-0.0758370534194627,158.0,2007834.0,0.0,0.0,-0.0758370534194627,-0.0023180201739875,-0.0017727774280521,-0.00123869406992,-0.0006943999915599,-0.0001555392239808,0.0003428062054347,0.0009071386968616,0.0015146649132559,0.0021911449001432,percent_change_60min_lag
Arbitrage Present,37938.0,2.50193180392148,6.594790985084822e-05,0.001229468388932712,-0.0001213563388035,0.0363949351027327,-0.025495311203033,0.0,37938.0,0.0,0.0,-0.025495311203033,-0.0009900819149252,-0.0001213563388035,-0.0001213563388035,-0.0001213563388035,-0.0001213563388035,-0.0001213563388035,-0.0001213563388035,0.000902821901896,0.0015412344686018,percent_change_60min_lag
Arbitrage Not Present,1970054.0,-252.15509818269362,-0.00012799400330279964,0.0016496461538640728,-0.00019225151960095,0.0927668750879938,-0.0758370534194627,158.0,1969896.0,0.0,0.0,-0.0758370534194627,-0.0023237490130982,-0.0017859268667239,-0.0012596957605706,-0.0007241436206704,-0.0001924454634691,0.0003613558700716,0.0009265964665868,0.0015267287132489,0.0021959626417575,percent_change_60min_lag
